id,title,author,year,pages,categories,description,rating,ratings_count
1,Лев Толстой и голод,graf Leo Tolstoy,1912,262,Famines,,0.0,0
2,"Лев Толстой, 1852-1869",Георгий Лесскис,2000,648,,,0.0,0
3,Лев Толстой,Максим Горький,2008,93,Biography & Autobiography,"«Мысль, которая, заметно, чаще других точит его сердце, – мысль о боге. Иногда кажется, что это и не мысль, а напряженное сопротивление чему-то, что он чувствует над собою. Он говорит об этом меньше, чем хотел бы, но думает – всегда. Едва ли это признак старости, предчувствие смерти, нет, я думаю, это у него от прекрасной человеческой гордости. И – немножко от обиды, потому что, будучи Львом Толстым, оскорбительно подчинить свою волю какому-то стрептококку. Если бы он был естествоиспытателем, он, конечно, создал бы гениальные гипотезы, совершил бы великие открытия...»",0.0,0
4,Лев Николаевич Толстой,Pavel Biri︠u︡kov,1906,552,,,0.0,0
5,Толстой 1850-1860,Борис Измаилович Срезневский,1927,90,,,0.0,0
6,"Л.Н. Толстой, биография, характеристики, воспоминания (Жизнь, личность, творчество)",Pavel Biri︠u︡kov,1910,198,,,0.0,0
7,Л.Н. Толстой в воспоминаниях современников,Nikolaĭ Leontʹevich Brodskiĭ,1955,520,,,0.0,0
8,Для детей,graf Leo Tolstoy,1964,250,"Children's literature, Russian",,0.0,0
9,Лев Толстой и его жена,Тихон Иванович Полнер,1928,256,,,0.0,0
10,"«Кто, что я?» Толстой в своих дневниках, письмах, воспоминаниях, трактатах",Ирина Паперно,2018,604,Biography & Autobiography,"В книге исследуются нехудожественные произведения Льва Толстого: дневники, переписка, «Исповедь», автобиографические фрагменты и трактат «Так что же нам делать?». Это анализ того, как в течение всей жизни Толстой пытался описать и определить свое «я», создав повествование, адекватное по структуре самому процессу бытия, — не литературу, а своего рода книгу жизни. Для Толстого это был проект, исполненный философского, морального и религиозного смысла. Ирина Паперно — филолог, литературовед, историк идей, профессор кафедры славистики Калифорнийского университета в Беркли.",0.0,0
11,Достоевский. Мысли на каждый день,Федор Достоевский,2024,157,Philosophy,"Книга «Достоевский. Мысли на каждый день» составлена из отрывков писем, дневников, записных книжек Фёдора Михайловича. Это уникальная возможность заглянуть в мысли и чувства великого русского писателя. В этих записях читатель найдет размышления Достоевского о своем творчестве, о личной жизни, а также о событиях и людях, которые его окружали. Писатель откровенно делится своими переживаниями, разочарованиями и радостями, что позволяет нам лучше понять его как человека и как автора.В формате PDF A4 сохранен издательский макет книги.",0.0,0
12,Достоевский. Его жизнь и литературная деятельность.,"Соловьёв, Евгений",2015,75,Biography & Autobiography,"Вниманию читателя предлагается историко-биографический очерк, посвященный жизни и творчеству величайшего русского писателя, члена-корреспондента Петербургской Академии Наук (1877) — Федора Михайловича Достоевского. В повестях ""Бедные люди"" (1846), ""Белый ночи"" (1848), ""Неточка Незванова"" (1846, неоконч.) и др. Достоевский описал страдания ""маленького человека"" как социальную трагедию. В повести ""Двойник"" (1846) он дал психологический анализ расколотого сознания. Однако с властями отношения писателя явно не сложились. Он примкнул к движению оппозиционеров. Примкнув к кружку М. В. Петрашевского, Достоевский в 1849 был арестован и приговорен к смертной казни, замененной каторгой (1850—54) с последующей службой рядовым. В 1859 году он возвратился в Петербург и потряс русский литературный мир новыми произведениями. В свет вышли ""Записки из Мертвого дома"" (1861—62) о трагических судьбах и достоинстве человека на каторге. Вместе с братом М. М. Достоевским издавал ""почвеннические"" журналы ""Время"" (1861—63) и ""Эпоха"" (1864—65). В романах ""Преступление и наказание"" (1866), ""Идиот"" (1868), ""Бесы"" (1871—72), ""Подросток"" (1875), ""Братья Карамазовы"" (1879—80) и др. — писателем было дано философское осмысление социального и духовного кризиса России, диалогическое столкновение самобытных личностей, страстные поиски общественной и человеческой гармонии, глубокий психологизм и трагизм. Творчество Достоевского оказало мощное влияние на русскую и мировую литературу.",0.0,0
13,Достоевский. Повести и рассказы. Том 2,Фёдор Достоевский,2020,889,Fiction,"Во втором томе Собрания сочинений Ф. М. Достоевского печатаются цикл фельетонов «Петербургская летопись» and (1847 and ), рассказы «Ползунков», «Чужая жена и муж под кроватью», «Честный вор», «Елка и свадьба», повесть «Слабое сердце», «сентиментальный роман» and («из воспоминаний мечтателя» and ) «Белые ночи» и оставшаяся незаконченной «Неточка Незванова». Эти рассказы и повести создавались в Петербурге до осуждения Достоевского по делу петрашевцев и были опубликованы в 1848–1849 гг. Рассказ «Маленький герой», написанный во время заключения в Петропавловской крепости в 1849 г., был напечатан братом писателя M. M. Достоевским без указания имени автора в 1857 г. «Дядюшкин сон», замысел которого возник и осуществлялся в Семипалатинске, опубликован в 1859 г.",0.0,0
14,Толстой и Достоевский (сборник),Лев Толстой,2016,565,Biography & Autobiography,"«Два исполина», «глыбы», «гиганты», «два гения золотого века русской культуры», «величайшие писатели за всю историю культуры». Так называли современники двух великих русских писателей – Федора Достоевского и Льва Толстого. И эти высокие звания за ними сохраняются до сих пор: конкуренции им так никто и не составил. Более того, многие нынешние известные писатели признаются, что «два исполина» были их Учителями: они отталкивались от их произведений, чтобы создать свой собственный художественный космос. Конечно, как у всех ярких личностей, у Толстого и Достоевского были и враги, и завистники, называющие первого «барином, юродствующим во Христе», а второго – «тарантулом», «банкой с пауками». Но никто не прославил так русскую литературу, как эти гении. Их имена и по сегодняшний день произносятся во всем мире с восхищением.",0.0,0
15,Достоевский Ф. Собрание сочинений в одной книге,Достоевский Ф. М.,2012,1068,Fiction,"Наиболее известные произведения Достоевского: «Преступление и наказание», «Белые ночи», «Чужая жена и муж под кроватью», «Игрок». Людей всегда привлекают загадки человеческой души, поэтому произведения Достоевского вызывают такой интерес. Он мастерски описывает благородные порывы и низменные влечения своих героев.",0.0,0
16,Suicide as a Cultural Institution in Dostoevsky's Russia,Irina Paperno,1997,336,History,"Analyzing a variety of sources--medical reports, social treatises, legal codes, newspaper articles, fiction, private documents left by suicides--Irina Paperno describes the search for the meaning of suicide. Paperno focuses on Russia of the 1860s-1880s.",0.0,0
17,Честный вор - Ф.М. Достоевский,Фёдор Михайлович Достоевский,2018,22,Fiction,"«Честный вор» - произведение классика русской литературы и одного из лучших романистов мирового уровня Ф. М. Достоевского (1821 – 1881). *** Понятия «честный» и «вор» несовместимы. Однако автор достигает эффекта неожиданности. Сначала заявляет, что честных воров не бывает, но затем идет рассказ о «честном человеке», который таковым был, пока не стал «вором». Писатель исследует психологическую природу людей. Достоевский создал немало других замечательных повестей и романов – «Идиот», «Братья Карамазовы», «Бесы», «Бедные люди», «Униженные и оскорбленные», «Игрок», «Белые ночи», «Кроткая», «Мальчик у Христа на елке», «Вечный муж». Значение творчества Достоевского для мировой литературы и философии сложно переоценить. Его без преувеличения можно назвать самым известным и читаемым российским писателем, который получил известность не только благодаря художественным достоинствам своей прозы, но и благодаря их философскому, нравственному наполнению.",0.0,0
18,Достоевский. Энциклопедия,Николай Наседкин,2022,2208,Biography & Autobiography,"Уникальный путеводитель по необъятному миру Федора Михайловича Достоевского – по данным ЮНЕСКО одного из самых читаемых писателей в мире.Под одной обложкой собраны сведения практически обо всех произведениях и героях Достоевского, людях, окружавших писателя, понятиях, так или иначе связанных с его именем. Издание содержит 150 иллюстраций, написано популярным языком и адресовано всем любителям творчества великого писателя – самому широкому кругу читателей.",0.0,0
19,Достоевский. Повести и рассказы. Том 12,Фёдор Достоевский,2020,940,Fiction,"В двенадцатом томе Собрания сочинений Достоевского печатается «Дневник писателя» за 1873 г., а также его статьи, очерки и фельетоны, помещенные в газете-журнале «Гражданин» and (1873–1874, 1878 and ) и литературном сборнике «Складчина» and (1874 and ). В «Приложении» печатаются «Объяснения и показания Ф. M. Достоевского по делу петрашевцев», представляющие большой биографический интерес и имеющие некоторую перекличку со статьями «Дневник писателя».",0.0,0
20,Достоевский,Б. Н Тихомиров,2008,280,,,0.0,0
21,"Достоевский о науке, капитализме и последних временах",Валентин Катасонов,2020,401,Literary Criticism,"Литература по Достоевскому и его творчеству безбрежна, однако до сих пор в ней остаются белые пятна. Автор книги пытается восполнить некоторые такие пробелы. Речь идет о взглядах великого русского писателя, выражаемых через слова и мысли героев, о роли науки и техники в обществе и истории, о деньгах и ростовщичестве, представлениях о прекрасном и безобразном (вопросы эстетики). Особое внимание в его творчестве уделяется теме русского капитализма (никто из историков и писателей, кроме Достоевского, не оставил нам такую натуралистичную и страшную картину перехода традиционной России к капитализму). Достоевский – писатель пророческий. Многие его предсказания подтверждались отечественной историей ХХ века и событиями сегодняшнего дня.В книге содержится подробный разбор поэмы (легенды) о Великом инквизиторе – самого яркого (по мнению автора) произведения Достоевского. Также раскрывается тезис о том, что Достоевский – наиболее эсхатологический писатель в русской литературе.",0.0,0
22,Достоевский. Повести и рассказы. Том 7,Фёдор Достоевский,2020,1733,Fiction,"В седьмом томе Собрания сочинений Ф. М. Достоевского публикуется роман „Бесы“ с приложением главы „У Тихона“. Впервые изданный в 1872 году, роман рассказывает о формировании революционной ячейки нигилистов в небольшом губернском городе. Главные герои романа являются носителями различный идей, будораживших умы молодежи во второй половине XIX века. Достоевский исследует, можно ли найти правду в этой революционной борьбе, может ли она принести счастье? Более чем 100 лет спустя роман «Бесы» не потерял своей актуальности и остается один из самых ярких романов-предупреждений классической русской литературы.",0.0,0
23,Достоевский,Инна Свеченовская,2006,288,"Authors, Russian",,0.0,0
24,Shakespeare and the Middle Ages,Martha W. Driver,2014,285,Literary Criticism,"Every generation reinvents Shakespeare for its own needs, imagining through its particular choices and emphases the Shakespeare that it values. The man himself was deeply involved in his own kind of historical reimagining. This collection of essays examines the playwright's medieval sources and inspiration, and how they shaped his works. With a foreword by Michael Almereyda (director of the Hamlet starring Ethan Hawke) and dramaturge Dakin Matthews, these thirteen essays analyze the ways in which our modern understanding of medieval life has been influenced by our appreciation of Shakespeare's plays.",0.0,0
25,The Cambridge Companion to Shakespeare on Film,Russell Jackson,2000,364,Drama,"Film adaptations of Shakespeare's plays are increasingly popular and now figure prominently in the study of his work and its reception. This lively Companion is a collection of critical and historical essays on the films adapted from, and inspired by, Shakespeare's plays. An international team of leading scholars discuss Shakespearean films from a variety of perspectives: as works of art in their own right; as products of the international movie industry; in terms of cinematic and theatrical genres; and as the work of particular directors from Laurence Olivier and Orson Welles to Franco Zeffirelli and Kenneth Branagh. They also consider specific issues such as the portrayal of Shakespeare's women and the supernatural. The emphasis is on feature films for cinema, rather than television, with strong coverage of Hamlet, Richard III, Macbeth, King Lear and Romeo and Juliet. A guide to further reading and a useful filmography are also provided.",0.0,0
26,O'Neill's Shakespeare,Normand Berlin,1994,286,Drama,Reveals unexplored links between Shakespeare's plays and the work of Eugene O'Neill,0.0,0
27,The Complete Works of William Shakespeare,William Shakespeare,1886,274,,,0.0,0
28,"Mr. William Shakespeare's Comedies, Histories, Tragedies, & Sonnets",William Shakespeare,1896,1126,,,0.0,0
29,The Shakespeare Myth,Graham Holderness,1988,248,Drama,"""Q. Is 'the Shakespeare connection' (a) a family tree, (b) a drug racket, (c) a railway journey? A. It is all three. From the Carling Black Label television advertisement to the design of the £20 note, from Tony Hancock and Edna Everage to the Stratford Memorial Theatre, from O level exam question to Zeffirelli on the big screen, Shakespeare has permeated English life like no one before or since. The plays and their legendary author function and flourish in more varied and diverse forms than are usually reckoned. Through post-structuralist linguistics, historiographical research, psychoanalytic theories and feminist sexual politics, radical criticism exposes the existence of a culturally produced and historically-determined 'Shakespeare myth'. This anthology of specifically-commissioned essays and interviews directly addresses that myth, as it works through ideology, popular culture, sexual politics, and the institutions of theatre, education and broadcasting. It demonstrates how the 'Shakespeare myth' functions in contemporary culture as an ideological framework for containing consensus and for sustaining delusions of unity, integration and harmony in the cultural superstructures of a divided and fractured society. For every particular present, Shakespeare is here, now, always, what is currently being made of him: to disclose the process of that making is the object of The Shakespeare myth."" -- Back cover",0.0,0
30,Shakespeare--world Views,Heather Kerr,1996,268,Drama,"""Shakespeare: World Views comprises fifteen papers concerned with the politics of reading and performance in Autralasia, Asia, and Europe."" ""The attention to the history and politics of Shakespeare in performance is matched by an interest in the uses and inscriptions of Shakespeare from postcolonial and new European locations."" ""Two very different essays plot Shakespeare's investments in equally different cartographies: the unsettled and unsettling geographies of the Comedies and the patriarchal territories of Lucrece's Tragedy."" ""Taken together, these essays from widely differing geographic, political, and critical locations attest to the multiplicity of ""Shakespeares"" available today. This very multiplicity suggests that Shakespeare is being produced as both local and global, paradoxically fragmented and monolithic, a fertile site both for affinity and contest. The effect is a challenge to any easy claim for Shakespeare's unproblematic status as a stable indicator of cultural value. In Singh's words, this collection manifests the ""anomalies and contradictions"" as well as the rich variety of ""Shakespeares"" around the world.""--BOOK JACKET.Title Summary field provided by Blackwell North America, Inc. All Rights Reserved",0.0,0
31,The Works of William Shakespeare,William Shakespeare,1889,994,,,0.0,0
32,Shakespeare,Henry Norman Hudson,1880,492,,,0.0,0
33,"Shakespeare Survey: Volume 58, Writing about Shakespeare",Peter Holland,2005,396,Drama,"Published with academic researchers and graduate students in mind, this volume of the 'Shakespeare Survey' presents a number of contributions on the theme of the play 'Macbeth'.",0.0,0
34,Selling Shakespeare to Hollywood,Emma French,2006,248,Performing Arts,"Filmed Shakespeare criticism has largely centred on aesthetic critiques of filmic devices, or on comparisons between the film and the source text. Employing a new angle, this book explores the reasons why contemporary filmed Shakespeare prompts cultural anxiety about high-culture adaptation.",0.0,0
35,"The Rural Life of Shakespeare, as Illustrated by His Works",Charles Roach Smith,1874,88,England,,0.0,0
36,A Glossary to the Works of William Shakespeare,Alexander Dyce,1880,548,English language,,0.0,0
37,The Plays of Shakespeare,H. Morley,1889,204,,,0.0,0
38,The Works of William Shakespeare: King Henry VI,William Shakespeare,1894,152,,,0.0,0
39,Charles Dickens and His Original Illustrators,Jane R. Cohen,1980,330,Literary Criticism,,5.0,1
40,The Cambridge Companion to Charles Dickens,John O. Jordan,2001,262,Literary Criticism,"The Cambridge Companion to Charles Dickens contains fourteen specially-commissioned chapters by leading international scholars, who together provide diverse but complementary approaches to the full span of Dickens's work, with particular focus on his major fiction. The essays cover the whole range of Dickens's writing, from Sketches by Boz through The Mystery of Edwin Drood. Separate chapters address important thematic topics: childhood, the city, and domestic ideology. Others consider formal features of the novels, including their serial publication and Dickens's distinctive use of language. Three final chapters examine Dickens in relation to work in other media: illustration, theatre, and film. Each essay provides guidance to further reading. The volume as a whole offers a valuable introduction to Dickens for students and general readers, as well as fresh insights, informed by recent critical theory, that will be of interest to scholars and teachers of the novels.",0.0,0
41,Собрание сочинений Чарльза Диккенса,Charles Dickens,1898,370,,,0.0,0
42,Полное собраніе сочиненій Чарльза Диккенса,Чарлз Диккенс,1899,300,,,0.0,0
43,The Works of Charles Dickens,Charles Dickens,1898,648,,,0.0,0
44,Works of Charles Dickens: David Copperfield,Charles Dickens,1876,1314,England,,0.0,0
45,The Works of Charles Dickens: American notes and pictures from Italy,Charles Dickens,1882,544,,,0.0,0
46,The life of Charles Dickens,John Forster,1872,428,,,0.0,0
47,The Writings of Charles Dickens,Charles Dickens,1894,664,,,0.0,0
48,A Cyclopedia of the Best Thoughts of Charles Dickens,Charles Dickens,1873,578,"Authors, English",,0.0,0
49,"The Works of Charles Dickens ; with Introductions, General Essay, and Notes by Andrew Lang: Our mutual friend",Charles Dickens,1898,632,,,0.0,0
50,Beauties of Dickens,Charles Dickens,1872,480,,,0.0,0
51,Jane Austen's Possessions and Dispossessions,Sandie Byrne,2014,301,Literary Criticism,"Who owns, who buys, who gives, and who notices objects is always significant in Austen's writing, placing characters socially and characterizing them symbolically. Jane Austen's Possessions and Dispossessions looks at the significance of objects in Austen's major novels, fragments, and juvenilia.",0.0,0
52,Summary and Analysis of The Real Jane Austen: A Life in Small Things,Worth Books,2017,42,Biography & Autobiography,"So much to read, so little time? This brief overview of The Real Jane Austen tells you what you need to know—before or after you read Paula Byrne's book. Crafted and edited with care, Worth Books set the standard for quality and give you the tools you need to be a well-informed reader. This short summary and analysis of The Real Jane Austen: A Life in Small Things includes: Historical context Chapter-by-chapter overviews Detailed timeline of key events Profiles of the main characters Important quotes Fascinating trivia Glossary of terms Supporting material to enhance your understanding of the original work About The Real Jane Austen by Paula Byrne: The Real Jane Austen forgoes the style of a conventional biography, and uses personal mementos as jumping-off points to explore the life of the celebrated author of Pride and Prejudice, Emma, and other classics of the British literary canon. The objects—a cocked hat, a vellum notebook, and a royalty check—illuminate various compelling aspects of Jane Austen's life and personality. Although early biographies suggest she led a quiet, uneventful life, Austen was aware of the realities of the French Revolution, the slave trade in the West Indies, and the Napoleonic Wars, and she was influenced by the people and events of her day. Whether traveling throughout England or writing in the comfort of her home, the real Jane Austen was a complex and driven woman whose work has been loved for generations. The summary and analysis in this ebook are intended to complement your reading experience and bring you closer to a great work of nonfiction.",0.0,0
53,What Jane Austen's Characters Read (and Why),Susan Allen Ford,2024,279,Literary Criticism,"The first detailed account of Austen's characters' reading experience to date, this book explores both what her characters read and what their literary choices would have meant to Austen's own readership, both during her life and today. Jane Austen was a voracious and extensive reader, so it's perhaps no surprise that many of her characters are also readers-from Mr. Collins in Pride and Prejudice to Fanny Price in Mansfield Park. Beginning by looking at Austen's own reading as well as her interest in readers' responses to her work, the book then focuses on each of her novels, looking at the particulars of her characters' reading and unpacking the multiple (and often surprising) ways in which what they read informs our reading. What Jane Austen's Characters Read (and Why) uses Austen's own love of reading to invite us to rethink the ways in which she imagined her characters and their lives beyond the novels.",0.0,0
54,Jane Austen's Sanditon,Arthur M. Axelrad,2010,498,Fiction,"When Jane Austen died in 1817, she left behind 120 pages of manuscript that would eventually be published as Sanditon. Praised by some critics and condemned by others, this final effort by the great English writer has for the most part been overlooked in favor of the novels that were published during her lifetime and shortly after her death. For the first time, an entire book is devoted to examining this fragment to establish it as Jane Austen's potential masterpiece. With a new setting and a greater range of characters than found in earlier works, this novel composed during the last months of her short life, if completed, would at the same time have continued her series of magnificent novels and created new possibilities for novels to come.",0.0,0
55,"Jane Austen, Obstinate Heart",Valerie Grosvenor Myer,1997,314,Biography & Autobiography,"For many middle-class women of Austen's day, marriage was paradoxically the only method of achieving independence. Marriage could also be a life sentence. Myer shows that by many accounts Austen was pretty and flirtatious (though occasionally also sharp-tongued), and the object of at least two proposals, but obstinate in her refusal to marry for other than love. Her obstinacy condemned her to reliance on her family for financial support. As Myer points out, it also enabled Austen to write her immortal novels.",0.0,0
56,Pride and Prejudice,Jane Austen,2024,442,Fiction,"On the verdant plains of 18th-century England, in the heart of the Hertfordshire countryside, a timeless story of passion, pride and prejudice unfolds. Elizabeth Bennet, a lively, intelligent young woman, is the second of five sisters in a family of modest means. Her sharp mind and independent spirit set her apart in a society where propriety and matrimonial alliances are central concerns.When she crosses paths with Mr. Darcy, an aristocrat as wealthy as he is arrogant, Elizabeth is immediately struck by his coldness and pride. However, as her encounters and misunderstandings progress, she discovers that beyond first impressions lies a man far more complex and vulnerable than she could have imagined.Jane Austen's masterpiece ""Pride and Prejudice"" is a subtle and poignant exploration of social dynamics and human relationships. Through brilliant dialogue and incisive narration, Austen paints a fascinating picture of the struggle between social classes and the barriers of love. It's a story where true love triumphs over prejudice, and pride is transformed into humility.Immerse yourself in the rich, captivating world of a classic that has lost none of its relevance or charm. A must-read for anyone wishing to understand the power of love and the strength of personal conviction.",0.0,0
57,In the Garden with Jane Austen,Kim Wilson,2008,132,Architecture,"Bringing Jane Austen's gardens--real and fictional--to life with excerpts from her novels and letters, period songs, poetry, and illustrations, this charming recollection offers tips for creating English gardens alongside Austen. This lavishly illustrated exploration with color photographs of gardens associated with the writer offers a rich experience to admirers of both Austen and gorgeous gardens. Complete with a reference section that includes important dates in Austen's life, locations and dates of her houses, and a map of 1809 England, this delightful book is perfect for the history and garden enthusiast alike.",0.0,0
58,The Complete Works of Jane Austen,Jane Austen,2022,2545,Fiction,"In ""The Complete Works of Jane Austen,"" readers are invited to delve into an unparalleled collection of wit, social commentary, and intricate character development. This anthology encompasses Austen's six major novels, including beloved classics like ""Pride and Prejudice"" and ""Emma,"" showcasing her signature blend of irony and realism. Through sharp dialogue and keen observations of early 19th-century English society, Austen crafts narratives that explore themes of love, class, and moral complexity, making her a pioneer of the modern novel. The collection itself reflects an intricate literary context, illuminating the transition from Romanticism to a distinctly British form of literary realism. Jane Austen (1775-1817) emerged from a close-knit family in the Hampshire countryside and had limited formal education, yet her keen insights into human behavior and social mores were profoundly influenced by her experiences and surroundings. Austen's ability to critique and reflect societal norms through her characters' journeys reflects her acute awareness of gender constraints and her own desire for autonomy, shaping her narratives into timeless examinations of personal integrity and societal expectations. This comprehensive collection is an essential read for both casual readers and scholars alike, inviting one to appreciate the elegant prose and enduring relevance of Austen's work. The wit, humor, and depth in her narratives ensure that ""The Complete Works of Jane Austen"" remains a treasure trove of insights into human nature and a testament to Austen's unparalleled legacy in literature.",0.0,0
59,Jane Austen,Jane Austen,2014,488,Literary Collections,"Jane Austen Volume II Jane Austen (16 December 1775 - 18 July 1817) was an English novelist whose works of romantic fiction, set among the landed gentry, earned her a place as one of the most widely read writers in English literature. Her realism, biting irony and social commentary have gained her historical importance among scholars and critics. In this book: Emma, 1815, Northanger Abbey, 1818, Persuasion, 1818, Lady Susan 1805",0.0,0
60,Jane Austen: The Complete Novels (The Giants of Literature - Book 10),Jane Austen,2023,1947,Fiction,"In ""Jane Austen: The Complete Novels (The Giants of Literature - Book 10),"" readers are presented with a comprehensive collection of Austen's celebrated works, showcasing her distinct narrative style characterized by incisive social commentary, clever irony, and a mastery of dialogue. This anthology not only encapsulates her six completed novels'—ranging from the biting wit of ""Pride and Prejudice"" to the poignant introspection of ""Persuasion""'—but also situates them within the early 19th-century literary context, illustrating Austen's pioneering exploration of themes like love, class, and gender dynamics. The seamless compilation allows for an enriching examination of her character-driven plots and satirical portrayals of courtship, making it essential reading for scholars and enthusiasts alike. Jane Austen (1775-1817) is a revered figure in English literature, known for her sharp observations and subtle critique of societal norms. Raised in a close-knit family with a strong emphasis on education, Austen's experiences navigating the constraints of her era undoubtedly influenced her depictions of women's lives and relationships. Her keen intellect and intimate understanding of social hierarchies inform her narratives, marking her as a pioneering feminist voice whose works continue to resonate. ""Jane Austen: The Complete Novels"" is highly recommended for those seeking to delve into the timeless relevance of Austen's work. Whether you're revisiting beloved characters or exploring her nuanced social commentaries for the first time, this meticulously curated collection promises to enrich your appreciation of one of literature's most enduring novelists. In this enriched edition, we have carefully created added value for your reading experience: - A comprehensive Introduction outlines these selected works' unifying features, themes, or stylistic evolutions. - The Author Biography highlights personal milestones and literary influences that shape the entire body of writing. - A Historical Context section situates the works in their broader era—social currents, cultural trends, and key events that underpin their creation. - A concise Synopsis (Selection) offers an accessible overview of the included texts, helping readers navigate plotlines and main ideas without revealing critical twists. - A unified Analysis examines recurring motifs and stylistic hallmarks across the collection, tying the stories together while spotlighting the different work's strengths. - Reflection questions inspire deeper contemplation of the author's overarching message, inviting readers to draw connections among different texts and relate them to modern contexts. - Lastly, our hand‐picked Memorable Quotes distill pivotal lines and turning points, serving as touchstones for the collection's central themes.",0.0,0
61,"Celebrities of the century, ed. by L.C. Sanders",Celebrities,1887,1112,,,0.0,0
62,Littell's Living Age,Eliakim Littell,1882,844,,,0.0,0
63,The Mark Twain Encyclopedia,J. R. LeMaster,1993,952,Literary Criticism,"A reference guide to the great American author (1835-1910) for students and general readers. The approximately 740 entries, arranged alphabetically, are essentially a collection of articles, ranging significantly in length and covering a variety of topics pertaining to Twain's life, intellectual milieu, literary career, and achievements. Because so much of Twain's writing reflects Samuel Clemens's personal experience, particular attention is given to the interface between art and life, i.e., between imaginative reconstructions and their factual sources of inspiration. Each entry is accompanied by a selective bibliography to guide readers to sources of additional information. Annotation copyright by Book News, Inc., Portland, OR",0.0,0
64,Mark Twain Essays,Mark Twain,2021,21,Biography & Autobiography,"Mark Twain Essays Mark Twain - Samuel Langhorne Clemens, better known as Mark Twain, is perhaps the most distinguished author of American Literature. Next to William Shakespeare, Clemens is arguably the most prominent writer the world has ever seen. In 1818, Jane Lampton found interest in a serious young lawyer named John Clemens. With the Lampton family in heavy debt and Jane only 15 years of age, she soon arried John. The family moved to Gainesboro, Tennessee where Jane gave birth to Orion Clemens. In the summer of 1827 the Clemenses relocated to Virginia where John purchased thousands of acres of land and opened a legal advice store.",0.0,0
65,Mark Twain,Ron Chernow,2025,1217,Biography & Autobiography,"The #1 New York Times Bestseller! One of Barack Obama's Summer Reading List Picks “Comprehensive, enthralling . . . Mark Twain flows like the Mississippi River, its prose propelled by Mark Twain’s own exuberance.” —The Boston Globe “Chernow writes with such ease and clarity . . . For all its length and detail, [Mark Twain] is deeply absorbing throughout.” — The Washington Post Pulitzer Prize-winning biographer Ron Chernow illuminates the full, fascinating, and complex life of the writer long celebrated as the father of American literature, Mark Twain Before he was Mark Twain, he was Samuel Langhorne Clemens. Born in 1835, the man who would become America’s first, and most influential, literary celebrity spent his childhood dreaming of piloting steamboats on the Mississippi. But when the Civil War interrupted his career on the river, the young Twain went west to the Nevada Territory and accepted a job at a local newspaper, writing dispatches that attracted attention for their brashness and humor. It wasn’t long before the former steamboat pilot from Missouri was recognized across the country for his literary brilliance, writing under a pen name that he would immortalize. In this richly nuanced portrait of Mark Twain, acclaimed biographer Ron Chernow brings his considerable powers to bear on a man who shamelessly sought fame and fortune, and crafted his persona with meticulous care. After establishing himself as a journalist, satirist, and lecturer, he eventually settled in Hartford with his wife and three daughters, where he went on to write The Adventures of Tom Sawyer and Adventures of Huckleberry Finn. He threw himself into the hurly-burly of American culture, and emerged as the nation’s most notable political pundit. At the same time, his madcap business ventures eventually bankrupted him; to economize, Twain and his family spent nine eventful years in exile in Europe. He suffered the death of his wife and two daughters, and the last stage of his life was marked by heartache, political crusades, and eccentric behavior that sometimes obscured darker forces at play. Drawing on Twain’s bountiful archives, including thousands of letters and hundreds of unpublished manuscripts, Chernow masterfully captures the man whose career reflected the country’s westward expansion, industrialization, and foreign wars, and who was the most important white author of his generation to grapple so fully with the legacy of slavery. Today, more than one hundred years after his death, Twain’s writing continues to be read, debated, and quoted. In this brilliant work of scholarship, a moving tribute to the writer’s talent and humanity, Chernow reveals the magnificent and often maddening life of one of the most original characters in American history.",0.0,0
66,Английский с Марком Твеном. Принц и нищий. Часть 1 = Mark Twain. The Prince and the Pauper,Марк Твен,2021,417,Foreign Language Study,"Англия, середина XVI века. Король Генрих доживает последние дни, а его единственный наследник, принц Эдуард, к всеобщему ужасу и горю повредился рассудком: несет всякий вздор, бросается на колени и умоляет отпустить его домой!Увлекательная и поучительная история двух мальчиков из «параллельных миров», родившихся в один день и волею случая поменявшихся местами, адаптирована в настоящем издании по методу Ильи Франка: снабжена дословным переводом на русский язык и необходимым лексико-грамматическим комментарием (без упрощения текста оригинала). Уникальность метода заключается в том, что запоминание слов и выражений происходит за счет их повторяемости, без заучивания и необходимости использовать словарь. Кроме того, читатель привыкает к логике английского языка, начинает его «чувствовать».Пособие способствует эффективному освоению языка, может служить дополнением к учебной программе.Для широкого круга лиц, изучающих английский язык и интересующихся англо-американской культурой.",0.0,0
67,The Complete Works of Mark Twain,Mark Twain,2022,8172,Literary Collections,"The Complete Works of Mark Twain presents an unparalleled collection of writings by one of America's most celebrated literary figures. This comprehensive anthology encompasses Twain's novels, short stories, essays, and letters, blending humor with profound social commentary. Characterized by his distinctive voice and mastery of vernacular speech, Twain navigates the complexities of American life in the 19th century, exploring themes of race, identity, and morality against the backdrop of a rapidly changing society. His sharp wit and keen observations invite readers to reflect on both the absurdities and truths of human nature, making this collection a vital study of literary realism. Mark Twain, born Samuel Langhorne Clemens, is emblematic of American literary heritage. His own experiences—ranging from his upbringing along the Mississippi River to his extensive travels throughout Europe—greatly informed his storytelling. Twain's role as a journalist, humorist, and social critic allowed him to address serious issues of his time, using satire as a vehicle for social change. His rich life experiences imbued his works with authenticity and emotional depth, connecting readers across generations. Recommended for both seasoned scholars and casual readers, The Complete Works of Mark Twain serves as an essential portal into the social fabric of America. Twain's timeless narratives provide insight into the human condition, making this collection a must-read for anyone seeking to understand the complexities of morality and society through the lens of one of history's greatest writers.",0.0,0
68,Английский с Марком Твеном. Принц и нищий. Часть 2 = Mark Twain. The Prince and the Pauper,Марк Твен,2021,417,Foreign Language Study,"Англия, середина XVI века. Король Генрих доживает последние дни, а его единственный наследник, принц Эдуард, к всеобщему ужасу и горю повредился рассудком: несет всякий вздор, бросается на колени и умоляет отпустить его домой!Увлекательная и поучительная история двух мальчиков из «параллельных миров», родившихся в один день и волею случая поменявшихся местами, адаптирована в настоящем издании по методу Ильи Франка: снабжена дословным переводом на русский язык и необходимым лексико-грамматическим комментарием (без упрощения текста оригинала). Уникальность метода заключается в том, что запоминание слов и выражений происходит за счет их повторяемости, без заучивания и необходимости использовать словарь. Кроме того, читатель привыкает к логике английского языка, начинает его «чувствовать».Пособие способствует эффективному освоению языка, может служить дополнением к учебной программе.Для широкого круга лиц, изучающих английский язык и интересующихся англо-американской культурой.",0.0,0
69,Mark Twain and Metaphor,John Bird,2007,265,Language Arts & Disciplines,"Metaphor theory, observes John Bird, is like Mark Twain: both seem simple upon first introduction. Now, in the most complete study to date of Twain's use of figurative language, a veteran Twain scholar tackles the core of his writing and explores it with theoretical approaches that have rarely been applied to Twain, providing new insights into how he imagined his world--and the singular ways in which he expressed himself. From ""The Jumping Frog"" to the late dream narratives, Bird considers Twain's metaphoric construction over his complete career and especially sheds new light on his central texts: Roughing It; The Adventures of Tom Sawyer; Adventures of Huckleberry Finn; A Connecticut Yankee in King Arthur's Court; Pudd'nhead Wilson; and No. 44,The Mysterious Stranger. He reconsiders ""Old Times on the Mississippi"" as the most purely metaphorical of Twain's writings, goes on to look at how Twain used metaphor and talked about it in a variety of works and genres, and even argues that Clemens's pseudonym is not so much an alter ego as a metaphorized self. By offering insight into how Twain handled figurative language during the composing process, Bird reveals not only hidden facets of his artistry but also new aspects of works that we think we know well--including some entirely new ideas regarding Huck Finn that draw on the recent discovery of the first half of the manuscript. In addition to dealing with issues currently central to Twain studies, such as race and gender, he also links metaphor to humor and dream theory to further illuminate topics central to his work. More than a study of Twain's language, the book delves into the psychological aspects of metaphor to reveal the writer's attitudes and thoughts, showing how using metaphor as a guide to Twain reveals much about his composition process. Applying the insights of metaphor theorists such as Roman Jakobson and Colin M. Turbayne, Bird offers readers not only new insights into Twain but also an introduction to this interdisciplinary field. In lively prose, Mark Twain and Metaphor provides a vital way to read Twain's entire corpus, allowing readers to better appreciate his style, humor, and obsession with dreams. It opens new ground and makes old ground fresh again, offering ways to see and resee this essential American writer.",0.0,0
70,Complete Letters of Mark Twain,Марк Твен,2022,1144,Fiction,"The letters of Mark Twain are peculiarly of the revealing sort. He was a man of few restraints and of no affectations. In his correspondence, as in his talk, he spoke what was in his mind, untrammeled by literary conventions.",0.0,0
71,"Mark Twain's sketches, new and old. Now first published in complete form, etc",Samuel Langhorne Clemens,1875,332,,,0.0,0
72,Mark Twain's Speeches,Марк Твен,2022,384,Fiction,"One of the most renowned public speakers of his day, Mark Twain was often asked to give speeches to mark public holidays or important anniversaries, for school graduations, at banquets for distinguished visitors, and at events sponsored by charitable organizations, reform groups, and the like. Published a few months after his death, this wide-ranging collection of speeches, spanning more than four decades, covers the gamut of Mark Twain's interests.",0.0,0
73,Stepping Into Mark Twain's World,"Maloof, Torrey",2017,51,Young Adult Nonfiction,"The Stepping into the World of Mark Twain e-Book offers an exciting nonfiction reader that builds critical reading skills while students are immersed in engaging subject area content. This text is purposefully leveled to increase comprehension with different learner types. Stepping into the World of Mark Twain features complex and rigorous content appropriate for middle school students. Aligned with Common Core State Standards, this text connects with McREL, WIDA/TESOL standards and prepares students for college and career readiness.",0.0,0
74,Mark Twain's sketches,Samuel Langhorne Clemens,1872,412,,,0.0,0
75,"Mark Twain Collection ""His Novels, Short Stories, Speeches, and Letters""",Mark Twain,2024,7700,Fiction,"This Excellent Collection brings together Mark Twain's longer, major books and a fine selection of shorter pieces and Science-Fiction Books. This Books created and collected in Mark Twain's Most important Works illuminate the life and work of one of the most individual writers of the XX century - a man who elevated political writing to an art. Samuel Langhorne Clemens (November 30, 1835 – April 21, 1910), known by his pen name ""Mark Twain"", was an American writer, humorist, entrepreneur, publisher, and lecturer. He was lauded as the ""greatest humorist the United States has produced,"" and William Faulkner called him ""the father of American literature"". His novels include The Adventures of Tom Sawyer (1876) and its sequel, the Adventures of Huckleberry Finn (1884), the latter often called ""The Great American Novel"". Twain was raised in Hannibal, Missouri, which later provided the setting for Tom Sawyer and Huckleberry Finn. He served an apprenticeship with a printer and then worked as a typesetter, contributing articles to the newspaper of his older brother Orion Clemens. He later became a riverboat pilot on the Mississippi River before heading west to join Orion in Nevada. He referred humorously to his lack of success at mining, turning to journalism for the Virginia City Territorial Enterprise.[5] His humorous story, ""The Celebrated Jumping Frog of Calaveras County"", was published in 1865, based on a story that he heard at Angels Hotel in Angels Camp, California, where he had spent some time as a miner. The short story brought international attention and was even translated into French.[6] His wit and satire, in prose and in speech, earned praise from critics and peers, and he was a friend to presidents, artists, industrialists, and European royalty. Twain earned a great deal of money from his writings and lectures, but he invested in ventures that lost most of it—such as the Paige Compositor, a mechanical typesetter that failed because of its complexity and imprecision. He filed for bankruptcy in the wake of these financial setbacks, but in time overcame his financial troubles with the help of Henry Huttleston Rogers. He eventually paid all his creditors in full, even though his bankruptcy relieved him of having to do so. Twain was born shortly after an appearance of Halley's Comet, and he predicted that he would ""go out with it"" as well; he died the day after the comet made its closest approach to the Earth. This Collection included: TOM SAWYER SERIES · The Adventures of Huckleberry Finn · The Adventures of Tom Sawyer · Tom Sawyer Abroad · Tom Sawyer, Detective · A Tramp Abroad ALONZO FITZ AND OTHER STORIES AUTOBIOGRAPHIES LETTERS ESSAYS AND NOVELS · A Connecticut Yankee in King Arthur's Court · In Defense of Harriet Shelley · A Double Barrelled Detective Story · Editorial Wild Oats · Essays on Paul Bourget · Eve's Diary · Extract From Adam's Diary · Extract from Captain Stormfield's Visit to Heaven · Extracts From Adam's Diary · The Facts Concerning the Recent Carnival of Crime in Connecticut · Fenimore Cooper's Literary Offences · Following the Equator a Journey around the World · The Gilded Age · Goldsmith's Friend Abroad Again · A Horse's Tale · How to Tell a Story and Other Essays · The Innocents Abroad · Is Shakespeare Dead? From my Autobiography · Life on the Mississippi BIOGRAPHIC ESSAYS",0.0,0
76,Mark Twain,Ron Powers,2008,1178,Biography & Autobiography,"Twain's story is epic, comic and tragic. To retrace it all in illuminating detail, Powers draws on the tens of thousands of Twain's letters and on his astonishing journal entries - many of which are quoted here for the first time. Twain left Missouri for a life on the Mississippi during the golden age of steamboats, enjoyed an uproariously drunken newspaper career in the Nevada of the Wild West, and witnessed and joined the extremes of wealth and poverty of New York City and of the Gilded Age. Through it all he observed, borrowed, stole and combined the characters he met into the voice of America's greatest literature, attracting throngs of fans wherever his undying lust for wandering took him. From Twain's wicked satire to his relationships with the likes of Ulysses Grant, this is a brilliantly written story that astounds, amuses and edifies as only a great life can.",0.0,0
77,Who Is Mark Twain?,Mark Twain,2010,189,Literary Collections,"“More than 100 years after [Twain] wrote these stories, they remain not only remarkably funny but remarkably modern. . . . Ninety-nine years after his death, Twain still manages to get the last laugh.” — Vanity Fair Who Is Mark Twain? is a collection of twenty six wickedly funny, thought-provoking essays by Samuel Langhorne Clemens—aka Mark Twain—none of which have ever been published before. ""You had better shove this in the stove,"" Mark Twain said at the top of an 1865 letter to his brother, ""for I don't want any absurd ‘literary remains' and ‘unpublished letters of Mark Twain' published after I am planted."" He was joking, of course. But when Mark Twain died in 1910, he left behind the largest collection of personal papers created by any nineteenth-century American author. Who Is Mark Twain? presents twenty-six wickedly funny, disarmingly relevant pieces by the American master—a man who was well ahead of his time.",0.0,0
78,The Complete Speeches & Articles of Mark Twain,Mark Twain,2022,315,Literary Collections,"In ""The Complete Speeches & Articles of Mark Twain,"" readers encounter a rich tapestry of Twain's wit, humor, and social critique, woven through an extensive collection of his public addresses and essays. The literary style is characterized by Twain's trademark satirical prose, blending narrative storytelling with incisive commentary on the societal issues of his time, including racism, imperialism, and human folly. This comprehensive anthology not only serves as a vital historical document but also illustrates the evolution of Twain's thought as he engaged with the pressing ideological debates of the late 19th and early 20th centuries. Mark Twain, born Samuel Clemens, stands as a pillar of American literature, renowned for his innovative use of vernacular English and his keen observations of American life. Twain's diverse experiences as a riverboat pilot, gold prospector, and journalist informed his worldview, leading him to become a vocal critic of social injustices. His commitment to addressing the moral dilemmas of his era is palpably evident in his speeches and articles, showcasing his unparalleled ability to blend humor with profound insight. This anthology is a compelling read for anyone interested in American literature, history, or social thought. Twain's enduring relevance and incisive voice make this collection an indispensable resource for scholars and casual readers alike, offering both entertainment and enlightenment.",0.0,0
79,"The Letters Of Mark Twain, Complete",Mark Twain,2021,1158,Travel,"Six volumes in one, Edited by Albert Bigelow Paine. A prolificacy of letters, reflecting Twain's role as 'a mighty national menace to sham'. Like all life's, Twain's was a rich evolution of character and concerns as reflected in this collection of his personal correspondence. Throughout, he maintains a wonderful sense of humour and phrasing that is compelling to his readers. His younger letters are playful whereas his older ones show a more tempered tone - measured with loss, struggle, success, failure and friends. He clearly loved deeply and profoundly those in his life judged by his frequent audiences and topics. (Goodreads)",0.0,0
80,"The Letters of Mark Twain, Volume 6",Mark Twain,2018,58,,"The Letters Of Mark Twain, Volume 6: 1907-1910 Mark Twain's Letters is a collection of the written letters by the famous American author and satirist Mark Twain, the pen name for Samuel Langhorne Clemens. The letters are a detailed insight to the mind and personal life of Twain in such a way not revealed in any other sense. They are a definitive collection of nearly all of Twains letters.",0.0,0
81,MARK TWAIN Ultimate Collection: 370+ Titles in One Volume (Illustrated),Mark Twain,2023,7900,Fiction,"In ""MARK TWAIN Ultimate Collection: 370+ Titles in One Volume (Illustrated),"" readers are presented with an extensive anthology that encapsulates the wit, humor, and keen social commentary of one of America's greatest literary figures. This masterfully curated collection includes Twain's iconic novels, such as ""The Adventures of Tom Sawyer"" and ""Adventures of Huckleberry Finn,"" alongside essays, short stories, and lesser-known works. The edition is thoughtfully illustrated, adding visual depth to Twain's vivid narratives and enhancing the reader's experience. Set against the backdrop of a rapidly changing America in the late 19th century, Twain's writing reflects the tensions of race, class, and morality, establishing him as a crucial voice in American literature. Mark Twain, born Samuel Langhorne Clemens, was not only a celebrated author but also a riverboat pilot, gold prospector, and humorist, intimately connected with the American experience. His diverse background and experiences infused his work with authenticity, humor, and a critique of societal norms. Twain's journeys along the Mississippi River and his observations of society laid the groundwork for the themes explored through satire and realism in his writing, making him a pivotal figure in the transition to modern American literature. This ultimate collection is a must-read for anyone wishing to delve into the rich tapestry of Twain's genius. It serves as a comprehensive introduction for newcomers while providing old fans with a nostalgic trip back to the heart of American storytelling. Embrace the opportunity to explore over 370 works that not only entertain but also provoke thought and reflection on the complexities of human nature.",0.0,0
82,Mark Twain's Fables of Man,Mark Twain,1972,756,Literary Criticism,Thirty-six previously unpublished papers accompanied by textual appartus.,0.0,0
83,Оруэлл. 1945. Руины. Военные репортажи,Джордж Оруэлл,2024,146,History,"15 февраля 1945 года Джордж Оруэлл в качестве военного корреспондента отправился в Германию, чтобы как очевидец рассказать о жизни в разрушенной Европе. Здесь впервые собраны его яркие и глубокие заметки сороковых годов о мировой войне, ее цене и последствиях.Война была в фокусе радио и газетных выступлений Оруэлла еще со времени его участия в боях с франкистами в Испании в 1936–1937 гг. В 1944 году дом, в котором Оруэлл жил с семьей, был разрушен немецкими бомбами. У писателя было много причин для ненависти к противникам. Но в своих публицистических работах он прежде всего думает о будущем и ищет для всех людей выход из кровавых тупиков тотальной войны и разобщенности.В эту книгу вошло 25 работ Оруэлла, в том числе знаменитые статьи «Об убийствах из мести», «Месть отвратительна» и рецензия на «Майн кампф» Гитлера.",0.0,0
84,The Cambridge Companion to George Orwell,John Rodden,2007,250,Literary Collections,Publisher description,0.0,0
85,«1984» Джорджa Оруэллa / “1984” by George Orwell. Student’s book,Оксана Капица,2022,93,Foreign Language Study,"Данное пособие составлено Оксаной Викторовной Капица (О. V. Kapitsa). Основными задачами пособия, наряду с углублением и совершенствованием знаний в области английского языка, являются также: развитие аналитических способностей, приобретение навыков критического осмысления литературных и публицистических произведений, формулирования собственного мнения и аргументов в его защиту, участия в публичных дискуссиях/дебатах в цивилизованной манере и т.д.Рекомендованное для домашнего чтения произведение Джорджа Оруэлла на английском языке в формате PDF доступно на Free eBooks at Planet eBook.com.",0.0,0
86,Orwell and the Politics of Despair,Alok Rai,1988,212,Literary Criticism,Drawing on a wide range of Orwell's writing Rai charts his progression from rebellion through reconciliation to despair.,3.0,2
87,"Оруэлл. Пророчества, которые сбылись",Джордж Оруэлл,2025,140,Political Science,"Джордж Оруэлл приобрел широкую известность как автор романа-антиутопии «1984» и повести «Скотный двор». Эти обличающие тоталитаризм произведения стали современной литературной классикой.Вместе с тем, Оруэлл создавал не только яркие художественные, но и острые публицистические тексты. В годы Второй мировой он до 1943 года вел программу на BBC, а затем стал колумнистом в газете «Tribune». Анализируя политические реалии того времени, Оруэлл пришел к неутешительным выводам: даже в странах, которые считались оплотами демократии, права и свободы людей повсеместно попираются господствующей системой.Ложь. Цензура. Диктат.Оруэлл тонко показывает, как они, словно вирусы, заражают социум, угрожая перерасти в тиранию. Предостережения, оставленные мастером антиутопии 80 лет назад, звучат особенно актуально в XXI веке.Прогнозы Оруэлла сбываются один за другим....",0.0,0
88,George Orwell,John Rodden,2001,534,Literary Criticism,"This study examines how George Orwell's legacy as a writer developed, and the importance of his work both during and after his lifetime. John Rodden seeks to bring Orwell's work into proper focus while providing insight into the phenomenon of literary fame.",0.0,0
89,Orwell On Truth,George Orwell,2018,223,Literary Collections,"Over the course of his career, George Orwell wrote about many things, but no matter what he wrote the goal was to get at the fundamental truths of the world. He had no place for dissemblers, liars, conmen, or frauds, and he made his feelings well-known. In Orwell on Truth, excerpts from across Orwell’s career show how his writing and worldview developed over the decades, profoundly shaped by his experiences in the Spanish Civil War, and further by World War II and the rise of totalitarian states. In a world that seems increasingly like one of Orwell’s dystopias, a willingness to speak truth to power is more important than ever. With Orwell on Truth, readers get a collection of both powerful quotes and the context for them.",4.0,1
90,Джордж Оруэлл. Неприступная душа,Вячеслав Недошивин,2018,854,Biography & Autobiography,"Вячеслав Недошивин – писатель, автор книг «Адреса любви. Дома и домочадцы русской литературы. Москва, Санкт-Петербург, Париж» и «Прогулки по Серебряному веку. Санкт-Петербург». Долгие годы – от диссертации об антиутопиях в 1985 году до статей в научных сборниках и журналах («Иностранная литература») – занимался творчеством Дж.Оруэлла и переводами его произведений. «Джордж Оруэлл. Неприступная душа» – это не только подробнейшая биография английского классика, не просто увлекательный рассказ о его жизни и книгах, о его взглядах и его эпохе, – но и, в каком-то смысле, первый его «русский портрет». О русской женщине, в которую был влюблен, об офицере-эмигранте из России, спасавшем его в Париже, и о фронтовом друге-петербуржце, которого, напротив, спасал в Испании уже сам Оруэлл, о дневниках писателя, исчезнувших в подвалах Лубянки, и о переписке с СССР, которую обнародовали у нас лишь в девяностых... Книга иллюстрирована уникальными фотографиями из лондонского архива писателя, многие из которых публикуются в России впервые.",0.0,0
91,The Complete Works of George Orwell,George Orwell,1986,328,,,0.0,0
92,The World of George Orwell,Miriam Gross,1971,270,Biography & Autobiography,Photographs and selected essays provide a record of the English author's life and career and reveal the major phases of his intellectual development.,0.0,0
93,"History of Oswego County, New York",Crisfield Johnson,1877,778,Oswego County (N.Y.),This illustrated volume includes biographical sketches of some of Oswego County's prominent pioneers alongwith histories of the City of Oswego and of each townin the county.,0.0,0
94,A Psychoanalytical Study of the Novels of George Orwell,Gerald Lionel Fiderer,1967,442,,,0.0,0
95,"1984 in 1984, Orwell as Prophecy",Richard Waldron,1985,84,Literary Criticism,,0.0,0
96,Harry Potter,S. Gunelius,2008,214,Business & Economics,"The Harry Potter books are the bestselling books of all time. In this fascinating study, Susan Gunelius analyzes every aspect of the brand phenomenon that is Harry Potter. Delving into price wars, box office revenue, and brand values, amongst other things, this is the story of the most incredible brand success there has ever been.",3.0,8
97,Джоан Роулинг. Неофициальная биография создательницы вселенной «Гарри Поттера»,Марина Ленти,2022,536,Biography & Autobiography,"Биография Джоан Роулинг, написанная итальянской исследовательницей ее жизни и творчества Мариной Ленти. Роулинг никогда не соглашалась на выпуск официальной биографии, поэтому и на родине писательницы их опубликовано немного. Вся информация почерпнута автором из заявлений, которые делала в средствах массовой информации в течение последних двадцати трех лет сама Роулинг либо те, кто с ней связан, а также из новостных публикаций про писательницу с тех пор, как она стала мировой знаменитостью. В книге есть одна выразительная особенность. В ней сделана попытка собрать и описать, насколько это возможно, многочисленные отблески событий жизни писательницы, которые либо напрямую, либо косвенно могли послужить материалом для саги о Гарри Поттере.В формате PDF A4 сохранен издательский макет книги.",0.0,0
98,Harry Potter,J. K. Rowling,2010,7,"Children's stories, English",A boxed set incorporating the complete set of 'Signature' edition Harry Potter titles. Including the titles - 'Philosopher's Stone'; 'Chamber of Secrets'; 'Prisoner of Azkaban'; 'Goblet of Fire'; 'Order of the Phoenix'; 'The Half-blood Prince'; 'The Deathly Hallows'.,0.0,0
99,Oracle Database 12c PL/SQL Programming,Michael McLaughlin,2014,1194,Computers,"Master Oracle Database 12c PL/SQL Application Development Develop, debug, and administer robust database programs. Filled with detailed examples and expert strategies from an Oracle ACE, Oracle Database 12c PL/SQL Programming explains how to retrieve and process data, write PL/SQL statements, execute effective queries, incorporate PHP and Java, and work with dynamic SQL. Code testing, security, and object-oriented programming techniques are fully covered in this comprehensive Oracle Press guide. Explore new SQL and PL/SQL features in Oracle Database 12c Build control structures, cursors, and loop statements Work with collections, varrays, tables, and associative array collections Locate and repair errors and employ exception handlers Execute black box, white box, and integration tests Configure and manage stored packages and libraries Handle security with authentication and encryption Use LOBs to store text and multimedia content Write and implement PL/SQL and Java triggers Extend functionality using dynamic SQL statements Understand object types, nested tables, and unnesting queries",0.0,0
100,Some Account of the Worshipful Company of Clockmakers of the City of London,Worshipful Company of Clockmakers,1881,396,Clock and watch makers,,0.0,0
101,Global Marketing,Warren J. Keegan,2005,664,Business & Economics,"WHAT MAKES THIS BOOK UNIQUE? Warren Keegan and Mark Green approached the fourth edition of ""Global Marketing"" with this goal: To write a book that reflects current issues and events, features conceptual and analytical tools that will help the reader apply the ""4P""s to global marketing, and is authoritative in content yet relaxed and assured in style and tone.",0.0,0
102,Norwalk,Charles Melbourne Selleck,1896,580,Norwalk (Conn.),,0.0,0
103,Daniel Radcliffe,John Bankston,2004,40,Juvenile Nonfiction,"All Harry Potter knew was a miserable life with the Dursleys, his horrible aunt and uncle, and their hateful son, Dudley. His room was a tiny closet at the foot of the stairs. He hadn't had a birthday party in eleven years. All that changed in Harry Potter and the Sorcerer's Stone. Daniel Radcliffe, on the other hand, the young actor who was chosen to play Harry Potter, led a comfortable life in London, England. His biggest obstacle was convincing his parents that he was up to the challenge of playing the role of Harry Potter. Here is the story of the young teen and his role of a lifetime. Book jacket.",5.0,1
104,Madison Public Schools Report for ...,Madison (Wis.). Board of Education,1886,744,Education,,2.0,1
105,A Game of Thrones,George R. R. Martin,2003,865,Fiction,"NOW THE ACCLAIMED HBO SERIES GAME OF THRONES—THE MASTERPIECE THAT BECAME A CULTURAL PHENOMENON Here is the first book in the landmark series that has redefined imaginative fiction and become a modern masterpiece. A GAME OF THRONES In a land where summers can last decades and winters a lifetime, trouble is brewing. The cold is returning, and in the frozen wastes to the North of Winterfell, sinister and supernatural forces are massing beyond the kingdom’s protective Wall. At the center of the conflict lie the Starks of Winterfell, a family as harsh and unyielding as the land they were born to. Sweeping from a land of brutal cold to a distant summertime kingdom of epicurean plenty, here is a tale of lords and ladies, soldiers and sorcerers, assassins and bastards, who come together in a time of grim omens. Amid plots and counterplots, tragedy and betrayal, victory and terror, the fate of the Starks, their allies, and their enemies hangs perilously in the balance, as each endeavors to win that deadliest of conflicts: the game of thrones. A GAME OF THRONES • A CLASH OF KINGS • A STORM OF SWORDS • A FEAST FOR CROWS • A DANCE WITH DRAGONS",4.0,156
106,Shakespeare and Game of Thrones,Jeffrey R. Wilson,2020,141,History,"It is widely acknowledged that the hit franchise Game of Thrones is based on the Wars of the Roses, a bloody fifteenth-century civil war between feuding English families. In this book, Jeffrey R. Wilson shows how that connection was mediated by Shakespeare, and how a knowledge of the Shakespearean context enriches our understanding of the literary elements of Game of Thrones. On the one hand, Shakespeare influenced Game of Thrones indirectly because his history plays significantly shaped the way the Wars of the Roses are now remembered, including the modern histories and historical fictions George R.R. Martin drew upon. On the other, Game of Thrones also responds to Shakespeare’s first tetralogy directly by adapting several of its literary strategies (such as shifting perspectives, mixed genres, and metatheater) and tropes (including the stigmatized protagonist and the prince who was promised). Presenting new interviews with the Game of Thrones cast, and comparing contextual circumstances of composition—such as collaborative authorship and political currents—this book also lodges a series of provocations about writing and acting for the stage in the Elizabethan age and for the screen in the twenty-first century. An essential read for fans of the franchise, as well as students and academics looking at Shakespeare and Renaissance literature in the context of modern media.",0.0,0
107,Medievalism in A Song of Ice and Fire and Game of Thrones,Shiloh Carroll,2018,216,Literary Criticism,"Game of Thrones is famously inspired by the Middle Ages - but how ""authentic"" is the world it presents? This volume offers different angles to the question. One of the biggest attractions of George R.R. Martin's high fantasy series A Song of Ice and Fire, and by extension its HBO television adaptation, Game of Thrones, is its claim to historical realism. The author, thedirectors and producers of the adaptation, and indeed the fans of the books and show, all lay claim to Westeros, its setting, as representative of an authentic medieval world. But how true are these claims? Is it possible to faithfully represent a time so far removed from our own in time and culture? And what does an authentic medieval fantasy world look like? This book explores Martin's and HBO's approaches to and beliefs about the Middle Ages and how those beliefs fall into traditional medievalist and fantastic literary patterns. Examining both books and programme from a range of critical approaches - medievalism theory, gender theory, queer theory, postcolonial theory, andrace theory - Dr Carroll analyzes how the drive for historical realism affects the books' and show's treatment of men, women, people of colour, sexuality, and imperialism, as well as how the author and showrunners discuss these effects outside the texts themselves. SHILOH CARROLL teaches in the writing center at Tennessee State University.",0.0,0
108,"A Game of Thrones Enhanced Edition (A Song of Ice and Fire, Book 1)",George R.R. Martin,2012,641,Fiction,"A stunning enhanced edition of the hugely popular and highly acclaimed epic fantasy, featuring an interactive map tracking main characters’ journeys, audio extracts of key scenes and a hyperlinked character glossary. Now a major Sky Atlantic TV series from HBO, featuring a stellar cast.",0.0,0
109,Power and Subversion in Game of Thrones,A. Keith Kelly,2022,199,Performing Arts,"This collection of essays examines the structures of power and the ways in which power is exercised and felt in the fantasy world of Game of Thrones. It considers how the expectations of viewers, particularly within the genre of epic fantasy, are subverted across the full 8 seasons of the series. The assembled team of international scholars, representing a variety of disciplines, addresses such topics as the power of speech and magic; the role of nationality and politics; disability, race and gender; and the ways in which each reinforces or subverts power in Westeros and Essos.",0.0,0
110,"Machtbeziehungen in der TV-Serie ""Game of Thrones"" vor dem Hintergrund vormoderner Machtkonzeptionen in mittelalterlicher deutscher Epik",Lara Schmidt,2022,77,Literary Criticism,"Examensarbeit aus dem Jahr 2014 im Fachbereich Germanistik - Ältere Deutsche Literatur, Mediävistik, Note: 1,3, Johann Wolfgang Goethe-Universität Frankfurt am Main, Sprache: Deutsch, Abstract: Politik, Krieg und Diplomatie bestimmen die Welt der Targaryens, Starks, Baratheons und Lannisters. Der Begriff der Macht eint und beschreibt den von Riccarda Schultchen beschriebenen core narrative. In der Arbeit soll es daher um die symbolischen und moralischen Codierungen von Machtbeziehungen in ""Game of Thrones"" gehen. Welche Bedeutung kommt den Wappen der Herrscherhäuser zu? Welchen moralischen Grundannahmen unterliegen die Handlungen der Charaktere und welche Funktion hat minne innerhalb der Machtbeziehungen? Alle genannten Aspekte werden vor dem Hintergrund mittelalterlicher Epik bewertet. Das Nibelungenlied und Gottfried von Straßburgs Tristan bilden die Grundlage hierfür.",0.0,0
111,HBO’s Original Voices,Victoria McCollum,2018,299,Social Science,"This book constitutes the first major exploration of HBO's current programming, examined in the context of the transformation of American television and global society. With studies of well-known shows such as Game of Thrones, Girls, Insecure, Looking, Silicon Valley, The Comeback, The Leftovers, True Detective and Veep and Vinyl, the authors examine the trends in current programming, including the rise of queer characters, era-defining comedy, reinvented fantasy series, and the content’s new awareness of gender, sexuality and family dysfunction. Interdisciplinary and international in scope, HBO’s New and Original Voices explores the sociocultural and political role and impact that HBO's current programmes have held and the ways in which it has translated and reinterpreted social discourses into its own televisual language. A significant intervention in television studies, media studies and cultural studies, this book illuminates the emergence of a new era of culturally relevant television that fans, students, and researchers will find lively, accessible and fascinating.",0.0,0
112,Beyond Blurred Lines,Nickie D. Phillips,2016,307,Social Science,"From its origins in academic discourse in the 1970s to our collective imagination today, the concept of “rape culture” has resonated in a variety of spheres, including television, gaming, comic book culture, and college campuses. Beyond Blurred Lines traces ways that sexual violence is collectively processed, mediated, negotiated, and contested by exploring public reactions to high-profile incidents and rape narratives in popular culture. The concept of rape culture was initially embraced in popular media – mass media, social media, and popular culture – and contributed to a social understanding of sexual violence that mirrored feminist concerns about the persistence of rape myths and victim-blaming. However, it was later challenged by skeptics who framed the concept as a moral panic. Nickie D. Phillips documents how the conversation shifted from substantiating claims of a rape culture toward growing scrutiny of the prevalence of sexual assault on college campuses. This, in turn, renewed attention toward false allegations, and away from how college enforcement policies fail victims to how they endanger accused young men. Ultimately, she successfully lends insight into how the debates around rape culture, including microaggressions, gendered harassment and so-called political correctness, inform our collective imaginations and shape our attitudes toward criminal justice and policy responses to sexual violence.",0.0,0
113,The Unofficial Guide to Game of Thrones,Kim Renfro,2019,384,Performing Arts,"The everything-you-missed, wanted-to-know-more-about, and can’t-get-enough guide to the Game of Thrones television series—from the first episode to the epic finale. Valar morghulis! Spanning every episode across all eight seasons, INSIDER’s entertainment correspondent Kim Renfro goes deep into how the show was made, why it became such a phenomenon and explores every detail you want to know. It’s the perfect book to look back at all you may have missed or to jump-start you on a second viewing of the whole series. As an entertainment correspondent, Renfro has covered the show’s premieres, broken down key details in scenes, explored characters’ histories, and interviewed the cast, directors, and crew. In this book, she sheds new light on the themes, storylines, character development, the meaning of the finale, and what you can expect next. Some of the questions answered here include: What was the Night King’s ultimate purpose? How did the show effect George R.R. Martin’s ability to finish the book series? Why were the final seasons shorter? Why did the direwolves get shortchanged? How were the fates of Jon Snow and Daenerys Targaryen foretold from the start? Was that really a bittersweet ending? Winter may have come and gone, but there is still plenty to discover and obsess over in this behind-the-scenes fan guide to the Game of Thrones HBO series.",0.0,0
114,A Game of Thrones: The Graphic Novel,George R. R. Martin,2012,241,Comics & Graphic Novels,"This graphic novel adaptation contains more than fifty pages of exclusive content not available in the original comic books, including • a new Preface by George R. R. Martin • early renderings of key scenes and favorite characters from the novels • a walk-through of the entire creative process, from auditioning the artists to tweaking the scripts to coloring the final pages • behind-the-scenes commentary from Daniel Abraham, Tommy Patterson, and series editor Anne Groell You’ve read the books. You’ve watched the hit series on HBO. Now acclaimed novelist Daniel Abraham and illustrator Tommy Patterson bring George R. R. Martin’s epic fantasy masterwork A Game of Thrones to majestic new life in the pages of this full-color graphic novel, comprised of the initial six issues of the graphic series. Winter is coming. Such is the stern motto of House Stark, the northernmost of the fiefdoms that owe allegiance to King Robert Baratheon in far-off King’s Landing. There Eddard Stark of Winterfell rules in Robert’s name. There his family dwells in peace and comfort: his proud wife, Catelyn; his sons Robb, Brandon, and Rickon; his daughters Sansa and Arya; and his bastard son, Jon Snow. Far to the north, behind the towering Wall, lie savage Wildings and worse—unnatural things relegated to myth during the centuries-long summer, but proving all too real and all too deadly in the turning of the season. Yet a more immediate threat lurks to the south, where Jon Arryn, the Hand of the King, has died under mysterious circumstances. Now Robert is riding north to Winterfell, bringing his queen, the lovely but cold Cersei, his son, the cruel, vainglorious Prince Joffrey, and the queen’s brothers Jaime and Tyrion of the powerful and wealthy House Lannister—the first a swordsman without equal, the second a dwarf whose stunted stature belies a brilliant mind. All are heading for Winterfell and a fateful encounter that will change the course of kingdoms. Meanwhile, across the Narrow Sea, Prince Viserys, heir of the fallen House Targaryen, which once ruled all of Westeros, schemes to reclaim the throne with an army of barbarian Dothraki—whose loyalty he will purchase in the only coin left to him: his beautiful yet innocent sister, Daenerys.",0.0,0
115,"The Art of Game of Thrones, the Official Book of Design from Season 1 to Season 8",Deborah Riley,2019,432,Art,"Filled with gorgeous illustrations and artwork from HBO's hit series, The Art of Game of Thrones is the definitive collection. Beautifully crafted and presented in a deluxe, large format, these pages present a visual chronicle of the meticulous work done by artists to bring the world of Westeros to life on-screen.",0.0,0
116,Women in Game of Thrones,Valerie Estelle Frankel,2014,215,Performing Arts,"Game of Thrones, one of the hottest series on television, leaves hundreds of critics divided on how ""feminist"" the show really is. Certainly the female characters, strong and weak, embody a variety of archetypes--widow queens, warrior women, damsels in distress, career women, priestesses, crones, mothers and maidens. However, the problem is that most of them play a single role without nuance--even the ""strong women"" have little to do besides strut about as one-note characters. This book analyzes the women and their portrayals one by one, along with their historical inspirations. Accompanying issues in television studies also appear, from the male gaze to depiction of race. How these characters are treated in the series and how they treat themselves becomes central, as many strip for the pleasure of men or are sacrificed as pawns. Some nude scenes or moments of male violence are fetishized and filmed to tantalize, while others show the women's trauma and attempt to identify with the scene's female perspective. The key is whether the characters break out of their traditional roles and become multidimensional.",5.0,1
117,The Little Book of Game of Thrones Facts,Fact Bomb Company Limited,2018,113,Fiction,"The Fact Bomb Company proudly presents the Little Book of Game of Thrones Facts.We have complied the ultimate list of Game of Thrones facts covering the books, television series, major houses, key organisations, religions, history and more! This book makes a fine addition to the collection of any Game of Thrones fan and will provide plenty of unbelievable facts to impress family, friends or work colleagues. In the spirit of House Stark, ""THE FACTS ARE COMING!""",0.0,0
118,The World of Ice & Fire,George R. R. Martin,2014,338,Fiction,"NEW YORK TIMES BESTSELLER • Perfect for fans of A Song of Ice and Fire and HBO’s Game of Thrones—an epic history of Westeros and the lands beyond, featuring hundreds of pages of all-new material from George R. R. Martin! If the past is prologue, then George R. R. Martin’s masterwork—the most inventive and entertaining fantasy saga of our time—warrants one hell of an introduction. At long last, it has arrived with The World of Ice & Fire. This lavishly illustrated volume is a comprehensive history of the Seven Kingdoms, providing vividly constructed accounts of the epic battles, bitter rivalries, and daring rebellions that lead to the events of A Song of Ice and Fire and HBO’s Game of Thrones. In a collaboration that’s been years in the making, Martin has teamed with Elio M. García, Jr., and Linda Antonsson, the founders of the renowned fan site Westeros.org—perhaps the only people who know this world almost as well as its visionary creator. Collected here is all the accumulated knowledge, scholarly speculation, and inherited folk tales of maesters and septons, maegi and singers, including • artwork and maps, with more than 170 original pieces • full family trees for Houses Stark, Lannister, and Targaryen • in-depth explorations of the history and culture of Westeros • 100% all-new material, more than half of which Martin wrote specifically for this book The definitive companion piece to George R. R. Martin’s dazzlingly conceived universe, The World of Ice & Fire is indeed proof that the pen is mightier than a storm of swords.",5.0,1
119,The Lord of the Rings,John Ronald Reuel Tolkien,2004,1200,Fiction,"In time for the golden anniversary of the arrival of part one of Tolkien's epic masterpiece on these shore comes a spectacular new edition of ""The Lord of the Rings."" The text is fully correctedQunder the supervision of Christopher TolkienQto meet the author's exacting wishes, and includes two large-format fold-out maps, a ribbon placemarker, and exceptionally elegant packaging. 0-618-51765-0$100.00 / Houghton Mifflin",4.5,29
120,The Fellowship of the Ring,J.R.R. Tolkien,1988,532,Fiction,"The opening novel of The Lord of the Rings—the greatest fantasy epic of all time—which continues in The Two Towers and The Return of the King. Nominated as one of America’s best-loved novels by PBS’s The Great American Read The dark, fearsome Ringwraiths are searching for a Hobbit. Frodo Baggins knows that they are seeking him and the Ring he bears—the Ring of Power that will enable evil Sauron to destroy all that is good in Middle-earth. Now it is up to Frodo and his faithful servant, Sam, with a small band of companions, to carry the Ring to the one place it can be destroyed: Mount Doom, in the very center of Sauron’s realm.",0.0,0
121,"The Fellowship of the Ring (The Lord of the Rings, Book 1)",J. R. R. Tolkien,2009,442,Fiction,Darkness Will Bind Them... watch The Lord of the Rings: The Rings of Power season 2 on Prime Video,4.5,13
122,"The Lord of the Rings: The Fellowship of the Ring, The Two Towers, The Return of the King",J. R. R. Tolkien,2009,1229,Fiction,Darkness Will Bind Them... watch The Lord of the Rings: The Rings of Power season 2 on Prime Video,4.5,54
123,The Lord of the Rings,Wayne G. Hammond,2005,986,Fiction,"This reader's companion to 'The Lord of the Rings' examines Tolkien's masterpiece chapter by chapter, offering expert insights into its evolution, structure, and meaning.",0.0,0
124,Watching the Lord of the Rings,Ernest Mathijs,2008,316,Literary Criticism,"How did audiences across the world respond to the films of The Lord of the Rings? This book presents findings from the largest film audience project ever undertaken, drawing from 25,000 questionnaire responses and a wide array of other materials. Contributors use these materials to explore a series of widely speculated questions: why is film fantasy important to different kinds of viewers? Through marketing, previews and reviews, debates and cultural chatter, how are audiences prepared for a film like this? How did fans of the book respond to its adaptation on screen? How do people choose their favorite characters? How was the films' reception shaped by different national and cultural contexts? The answers to these questions shed fresh light on the extraordinary popularity of The Lord of the Rings and provide important new insights into the global reception of cinema in the twenty-first century.",0.0,0
125,The Lord of the Rings and Philosophy,Gregory Bassham,2013,256,Philosophy,"The Lord of the Rings is intended to be applicable to the real world of relationships, religion, pleasure, pain, and politics. Tolkien himself said that his grand tale of wizards, orcs, hobbits, and elves was aimed at truth and good morals in the actual world. Analysis of the popular appeal of The Lord of the Rings (on websites and elsewhere) shows that Tolkien fans are hungry for discussion of the urgent moral and cosmological issues arising out of this fantastic epic story. Can political power be wielded for good, or must it always corrupt? Does technology destroy the truly human? Is it morally wrong to give up hope? Can we find meaning in chance events? In The Lord of the Rings and Philosophy, seventeen young philosophy professors, all of them ardent Tolkien fans and most of them contributors to the four earlier volumes in the Popular Culture and Philosophy series, address some of these important issues and show how clues to their solutions may be found in the imaginary world of Middle-earth. The book is divided into five sections, concerned with Power and the Ring, the Quest for Happiness, Good and Evil in Middle-earth, Time and Mortality, and the Relevance",0.0,0
126,The Lord of the Rings,Ernest Mathijs,2006,368,Business & Economics,"Bringing together leading scholars in the fields of media and film studies to explore the various strategies and implications underlying the global presence of 'Lord of the Rings', this book covers different national contexts and presents a lively and diverse combination of textual, historical and empirical study.",5.0,1
127,The Lord of the Rings Illustrated,J. R. R. Tolkien,2021,1240,Fiction,"For the first time ever, a very special edition of the J. R. R. Tolkien's classic masterpiece, The Lord of the Rings, gorgeously illustrated throughout in color by the author himself. Since it was first published in 1954, The Lord of the Rings has been a book people have treasured. Steeped in unrivaled magic and otherworldliness, Tolkien's sweeping fantasy and epic adventure has touched the hearts of young and old alike. More than 150 million copies of its many editions have been sold around the world, and occasional collectors’ editions become prized and valuable items of publishing. This one-volume, jacketed hardcover edition contains the complete text, fully corrected and reset, which is printed in red and black and features, for the very first time, thirty color illustrations, maps and sketches drawn by Tolkien himself as he composed this epic work. These include the pages from the Book of Mazarbul, marvelous facsimiles created by Tolkien to accompany the famous ‘Bridge of Khazad-dum’ chapter. Also appearing are two removable fold-out maps drawn by Christopher Tolkien revealing all the detail of Middle-earth.",0.0,0
128,The Lord of the Rings,J. R. R. Tolkien,2002,276,Fiction,"Vietnamese version of Tolkien's Lord of the Ring: Fellowship of the Ring, book 1 of the series. Vietnamese translation by Nguyen Thi Thu Yen and Dang Tran Viet, and the poetry parts are by An Ly. New 2015 edition. In Vietnamese. Annotation copyright Tsai Fong Books, Inc. Distributed by Tsai Fong Books, Inc.",3.0,1
129,The Two Towers,J.R.R. Tolkien,2012,495,Fiction,"Begin your journey into Middle-earth... The inspiration for the upcoming original series on Prime Video, The Lord of the Rings: The Rings of Power. The Two Towers is the second part of J.R.R. Tolkien’s epic adventure The Lord of the Rings. One Ring to rule them all, One Ring to find them, One Ring to bring them all and in the darkness bind them. Frodo and his Companions of the Ring have been beset by danger during their quest to prevent the Ruling Ring from falling into the hands of the Dark Lord by destroying it in the Cracks of Doom. They have lost the wizard, Gandalf, in a battle in the Mines of Moria. And Boromir, seduced by the power of the Ring, tried to seize it by force. While Frodo and Sam made their escape, the rest of the company was attacked by Orcs. Now they continue the journey alone down the great River Anduin—alone, that is, save for the mysterious creeping figure that follows wherever they go. This continues the classic tale begun in The Fellowship of the Ring, which reaches its awesome climax in The Return of the King.",5.0,10
130,The Lord of the Rings: The two towers,John Ronald Reuel Tolkien,2001,1137,Fantasy fiction,"Impossible to describe in a few words, Tolkien's great work of imaginative fiction has been labelled both a heroic romance and a classic fantasy fiction. This is a reissue celebrating the release of the major motion picture trilogy, incorporating images from the films on the covers.",0.0,0
131,Understanding the Lord of the Rings,Rose A. Zimbardo,2004,308,Literary Collections,"Publisher's description: When first published, The Lord of the Rings stood far from the mainstream: no one had seen anything like it for decades. Tolkien's almost stridently antimodern tale needed valiant defenders, vocal admirers who understood its sources and relished its monumental scale. While such champions of modernism as Edmund Wilson mocked Tolkien's archaic structure and language, W.H. Auden -- a great modernist poet in his own right -- rose to his defense with a spirited essay on the true nature of the Hero Quest. Edmund Fuller's essay collected here discusses the nature of the fairy tale, returning to the roots of the term to remove the treacle of Disney and restore the value of realistic enchantment. Tolkien's friend C.S. Lewis takes up the question of why, if you have a serious comment to make about real life, you would drape it in a never-never land of your own. He shrewdly argues that it is because real life does have mythic and heroic qualities -- in abundance. This collection also includes, among others, essays by Marion Zimmer Bradley, Verlyn Flieger, Paul Kocher, Jane Chance, and each of the editors, as well as a brand-new essay by Tom Shippey that shows us how to process all this vast learning, adding to it the many delights of the film versions of Tolkien's epic masterpiece, so we can relish his achievement all the more.",3.5,5
132,Stephen King,Stephen King,1986,992,Fiction,,0.0,0
133,The Stand,Stephen King,2008,1195,Fiction,"#1 BESTSELLER • Stephen King’s apocalyptic vision of a world blasted by plague and tangled in an elemental struggle between good and evil remains as riveting—and eerily plausible—as when it was first published. One of The Atlantic’s Great American Novels of the Past 100 Years! This edition includes all of the new and restored material first published in The Stand: The Complete and Uncut Edition. A patient escapes from a biological testing facility, unknowingly carrying a deadly weapon: a mutated strain of super-flu that will wipe out 99 percent of the world’s population within a few weeks. Those who remain are scared, bewildered, and in need of a leader. Two emerge—Mother Abagail, the benevolent 108-year-old woman who urges them to build a peaceful community in Boulder, Colorado; and Randall Flagg, the nefarious “Dark Man,” who delights in chaos and violence. As the dark man and the peaceful woman gather power, the survivors will have to choose between them—and ultimately decide the fate of all humanity. ""A master storyteller.""—Los Angeles Times",4.5,67
134,The Body,Stephen King,2018,197,Fiction,"#1 New York Times bestselling author Stephen King’s timeless novella “The Body”—originally published in his short story collection Different Seasons, and adapted into the film classic Stand by Me—is now available as a stand-alone publication. It’s 1960 in the fictional town of Castle Rock, Maine. Ray Brower, a boy from a nearby town, has disappeared, and twelve-year-old Gordie Lachance and his three friends set out on a quest to find his body along the railroad tracks. During the course of their journey, Gordie, Chris Chambers, Teddy Duchamp, and Vern Tessio come to terms with death and the harsh truths of growing up in a small factory town that doesn’t offer much in the way of a future. A timeless exploration of the loneliness and isolation of young adulthood, Stephen King’s The Body is an iconic, unforgettable, coming-of-age story.",0.0,0
135,It,Stephen King,2016,1168,Fiction,"Stephen King's classic #1 New York Times bestseller and the basis for the massively successful films It: Chapter One and It: Chapter Two as well as inspiration for HBO Max’s upcoming Welcome to Derry—about seven adults who return to their hometown to confront a nightmare they had first stumbled upon as teenagers...an evil without a name: It. Welcome to Derry, Maine. It’s a small city, a place as hauntingly familiar as your own hometown. Only in Derry the haunting is real. They were seven teenagers when they first stumbled upon the horror. Now they are grown-up men and women who have gone out into the big world to gain success and happiness. But the promise they made twenty-eight years ago calls them reunite in the same place where, as teenagers, they battled an evil creature that preyed on the city’s children. Now, children are being murdered again and their repressed memories of that terrifying summer return as they prepare to once again battle the monster lurking in Derry’s sewers. Readers of Stephen King know that Derry, Maine, is a place with a deep, dark hold on the author. It reappears in many of his books, including Bag of Bones, Hearts in Atlantis, and 11/22/63. But it all starts with It. “Stephen King’s most mature work” (St. Petersburg Times), “It will overwhelm you…to be read in a well-lit room only” (Los Angeles Times).",4.0,24
136,Stephen King,Bev Vincent,2022,243,Biography & Autobiography,"Take an intimate tour through the life and works of Stephen King, made vivid with rare photos and ephemera from King’s personal collection. Even if you are a die-hard fan, you will find something new in this beautifully packaged Stephen King reference that you will return to again and again. Timed to celebrate Stephen King’s 75th birthday on September 21, 2022, Stephen King: A Complete Exploration of His Work, Life, and Influences reveals the inspiration behind the prolific author’s brilliant works of horror through a combination of photos and documents from King’s archives and an engaging account of the stories behind how his novels, novellas, short stories, and adaptations came to be. It might sound like a tall tale that Stephen King once met a bartender named Grady in an empty hotel in Colorado, or that the celebrated author helped his young daughter bury her cat in a nearby “pets sematary” after it was killed on a busy roadway. In this book, discover how King drew on these and more real personal experiences and mundane life events, then employed his extraordinary imagination to twist them into something horrific. From impoverished university student to struggling schoolteacher to one of the best-selling—and most recognizable—authors of all time, this engrossing book reveals the evolution and influences of Stephen King’s body of work over his nearly 50-year career, and how the themes of his writing reflect the changing times and events within his life. An expansion of Stephen King expert Bev Vincent’s The Stephen King Illustrated Companion, this fully revised, redesigned, and updated book includes: A review of King’s complete body of work, including Fairy Tale, published in September 2022. A wealth of rare memorabilia from King’s own collection, including personal and professional correspondences, handwritten manuscript pages, book covers, movie stills, and never-before-seen excerpts from one of his poems and an unpublished short story. Interludes on specific topics such as real-life settings that inspired King’s writing, the editor who discovered him, his life as a Boston Red Sox fan, and the many awards and honors he has received. Insightful quotes from King from interviews over the decades. Celebrate the beloved King of Horror with this informational and entertaining look inside King’s most iconic titles and the culture they have created.",5.0,1
137,Stephen King,Michael Gray Baughan,2009,137,Juvenile Nonfiction,"Introduces one of the most prolific and popular writers in today's culture, and presents some of his career highlights.",0.0,0
138,Stephen King's Contemporary Classics,Philip L. Simpson,2014,243,Literary Criticism,"Many readers know Stephen King for his early works of horror, from his fiction debut Carrie to his blockbuster novels The Shining, The Stand, and Misery, among others. While he continues to be a best-selling author, King’s more recent fiction has not received the kind of critical attention that his books from the 1970s and 1980s enjoyed. Recent novels like Duma Key and 1/22/63 have been marginalized and, arguably, cast aside as anomalies within the author’s extensive canon. In Stephen King’s Contemporary Classics: Reflections on the Modern Master of Horror, Philip L. Simpson and Patrick McAleer present a collection of essays that analyze, assess, and critique King’s post-1995 compositions. Purposefully side-stepping studies of earlier work, these essays are arranged into three main parts: the first section examines five King novels published between 2009 and 2013, offering genuinely fresh scholarship on King; the second part looks at the development of King’s distinct brand of horror; the third section departs from probing the content of King’s writing and instead focuses on King’s process. By concentrating on King’s most recent writings, this collection offers provocative insights into the author’s work, featuring essays on Dr. Sleep, Duma Key, The Girl Who Loved Tom Gordon, Joyland, Under the Dome, and others. As such, Stephen King’s Contemporary Classics will appeal to general fans of the author’s work as well as scholars of Stephen King and modern literature.",0.0,0
139,Theorizing Stephen King,Michael Blouin,2025,314,Literary Criticism,"Readers of all stripes will find something to appreciate in this collection, which illuminates how King’s horror literature as a media form has shifted in relation to cultural understandings over time. Many chapters touch upon how surrounding texts, such as film/TV adaptations, have played into these mediations throughout King’s storied career. For the first-time reader of King, this volume offers a doorway into his works: an array of exciting critical frameworks with which to make sense of King’s fictional universe. For literary critics, this volume argues that King’s corpus remains a site for robust intellectual inquiry. And for all of us, the book provides an occasion—one that is long overdue—to rethink King’s relationship to critical theory as well as his legacy as a major American author. While it may prove impossible to reconcile King and the academy, we might nonetheless explore the evolution of their inescapable bond in hopes of negotiating a greater understanding between them.",0.0,0
140,Stephen King's Modern Macabre,Patrick McAleer,2014,221,Literary Criticism,"As Stephen King has continued to publish numerous works beyond one of the many high points of his career, in the 1980s, scholarship has not always kept up with his output. This volume presents 13 essays (12 brand new) on many of King's recent writings that have not received the critical attention of his earlier works. This collection is grouped into three categories--""King in the World Around Us,"" ""Spotlight on The Dark Tower"" and ""Writing into the Millennium""; each examines an aspect of King's contemporary canon that has yet to be analyzed.",0.0,0
141,The Moral Voyages of Stephen King,Tony Magistrale,1989,174,Literary Criticism,Magistrale discusses the themes that turn King's fiction into morality tales.,0.0,0
142,"Full Dark, No Stars",Stephen King,2010,312,Fiction,"From the master of the long story form, the Sunday Times No. 1 besteller, Full Dark, No Stars - described by the Sunday Telegraph as 'an extraordinary collection, thrillingly merciless, and a career high point' - now with a stunning new cover look. Is it possible to fully know anyone? Even those we love the most? What tips someone over the edge to commit a crime? In '1922', a story which was adapted into a Netflix original film, a Nebraska farmer, the turning point comes when his wife threatens to sell off the family homestead. In 'Big Driver', a cozy mystery writer plots a savage revenge after a brutal encounter with a stranger. In 'Fair Extension', Dave Streeter gets the chance to cure himself from illness - if he agrees to impose misery on an old rival. In 'A Good Marriage', Darcy Anderson discovers a box containing her husband's dark and terrifying secrets - he's not the man who keeps his nails short and collects coins. And now he's heading home . . . And readers have a treat in store, with a bonus story, 'Under the Weather'. Like DIFFERENT SEASONS and FOUR PAST MIDNIGHT, which generated such enduring hit films as The Shawshank Redemption and Stand by Me, FULL DARK, NO STARS proves Stephen King a master of the long story form.",4.0,5
143,Fairy Tale,Stephen King,2022,706,Fiction,"From legendary storyteller Stephen King, comes this No. 1 Sunday Times bestseller, now with a stunning new cover look for Summer 2024. WELCOME TO THE DARK SIDE OF HAPPILY EVER AFTER Charlie Reade looks like a regular high school kid, great at baseball and football, a decent student. But when Charlie is seventeen, he meets a dog named Radar and her aging master, Howard Bowditch, a recluse in a big house at the top of a big hill, with a locked shed in the backyard. When Bowditch dies, he leaves Charlie a cassette tape telling a story no one would believe - inside the shed is a portal to another world. Stephen King goes into the deepest well of his imagination in this spellbinding novel about a seventeen-year-old boy who inherits the keys to a parallel world where good and evil are at war, and the stakes could not be higher - for their world or ours.",0.0,0
144,11/22/63,Stephen King,2011,866,Fiction,"ON NOVEMBER 22, 1963, THREE SHOTS RANG OUT IN DALLAS, PRESIDENT KENNEDY DIED, AND THE WORLD CHANGED. WHAT IF YOU COULD CHANGE IT BACK? In this brilliantly conceived tour de force, Stephen King who has absorbed the social, political, and popular culture of his generation more imaginatively and thoroughly than any other writer; takes readers on an incredible journey into the past and the possibility of altering it. It begins with Jake Epping, a thirty-five-year-old English teacher in Lisbon Falls, Maine, who makes extra money teaching GED classes. He asks his students to write about an event that changed their lives, and one essay blows him away a gruesome, harrowing story about the night more than fifty years ago when Harry Dunning's father came home and killed his mother, his sister, and his brother with a sledgehammer. Reading the essay is a watershed moment for Jake, his life like Harry's, like America's in 1963 turning on a dime. Not much later his friend Al, who owns the local diner, divulges a secret: his storeroom is a portal to the past, a particular day in 1958. And Al enlists Jake to take over the mission that has become his obsession to prevent the Kennedy assassination. So begins Jake's new life as George Amberson, in a different world of Ike and JFK and Elvis, of big American cars and sock hops and cigarette smoke everywhere. From the dank little city of Derry, Maine (where there's Dunning business to conduct), to the warmhearted small town of Jodie, Texas, where Jake falls dangerously in love, every turn is leading eventually, of course, to a troubled loner named Lee Harvey Oswald and to Dallas, where the past becomes heart-stoppingly suspenseful, and where history might not be history anymore. Time-travel has never been so believable. Or so terrifying.",4.0,2
145,Ночные кошмары и фантастические видения,Стивен Кинг,2016,829,"Horror tales, American",,0.0,0
146,Stephen King Goes to the Movies,Stephen King,2009,641,Biography & Autobiography,Stephen King revisits five of his favorite short stories that have been turned into films. This collection features new commentary and introductions to all of these stories in a treasure-trove of movie trivia.,4.0,4
147,Doctor Sleep,Stephen King,2019,544,Fiction,"Now a major motion picture starring Ewan McGregor! From master storyteller Stephen King, his unforgettable and terrifying sequel to The Shining—an instant #1 New York Times bestseller that is “[a] vivid frightscape” (The New York Times). Years ago, the haunting of the Overlook Hotel nearly broke young Dan Torrance’s sanity, as his paranormal gift known as “the shining” opened a door straight into hell. And even though Dan is all grown up, the ghosts of the Overlook—and his father’s legacy of alcoholism and violence—kept him drifting aimlessly for most of his life. Now, Dan has finally found some order in the chaos by working in a local hospice, earning the nickname “Doctor Sleep” by secretly using his special abilities to comfort the dying and prepare them for the afterlife. But when he unexpectedly meets twelve-year-old Abra Stone—who possesses an even more powerful manifestation of the shining—the two find their lives in sudden jeopardy at the hands of the ageless and murderous nomadic tribe known as the True Knot, reigniting Dan’s own demons and summoning him to battle for this young girl’s soul and survival...",0.0,0
148,A Brief Guide to Stephen King,Paul Simpson,2014,211,Literary Criticism,"2014 marks the 40th anniversary of the publication of Stephen King’s first novel Carrie in April 1974. Rescued from the rubbish by his wife Tabitha, the novel launched the Maine schoolteacher on a prolific and extraordinarily successful career. His name has become synonymous with horror and suspense through over fifty works, including The Dark Tower, a retelling of Byron’s Childe Harold to the Dark Tower Came. Simpson traces the writer’s life from his difficult childhood – his father went out to the shops and never came back – through his initial books under the pseudonym Richard Bachman to the success of Carrie, Salem’s Lot and The Shining in the 1970s, and beyond. He examines how King’s writing was affected by the accident that nearly killed him in 1999 and how his battles with alcohol and addiction to medication have been reflected in his stories. The guide will also take a look at the very many adaptation’s of King’s work in movies, on television and radio, and in comic books.",0.0,0
149,Landscape of Fear,Tony Magistrale,1988,144,Literary Criticism,"One of the very first books to take Stephen King seriously, Landscape of Fear (originally published in 1988) reveals the source of King's horror in the sociopolitical anxieties of the post-Vietnam, post-Watergate era. In this groundbreaking study, Tony Magistrale shows how King's fiction transcends the escapism typical of its genre to tap into our deepest cultural fears: ""that the government we have installed through the democratic process is not only corrupt but actively pursuing our destruction, that our technologies have progressed to the point at which the individual has now become expendable, and that our fundamental social institutions-school, marriage, workplace, and the church-have, beneath their veneers of respectability, evolved into perverse manifestations of narcissism, greed, and violence."" Tracing King's moralist vision to the likes of Twain, Hawthorne, and Melville, Landscape of Fear establishes the place of this popular writer within the grand tradition of American literature. Like his literary forbears, King gives us characters that have the capacity to make ethical choices in an imperfect, often evil world. Yet he inscribes that conflict within unmistakably modern settings. From the industrial nightmare of ""Graveyard Shift"" to the breakdown of the domestic sphere in The Shining, from the techno-horrors of The Stand to the religious fanaticism and adolescent cruelty depicted in Carrie, Magistrale charts the contours of King's fictional landscape in its first decade.",0.0,0
150,The Dead Zone,Stephen King,2016,592,Fiction,"Johnny Smith is an ordinary young man with an engaging grin, a talent for teaching, and a new girl. As he takes Sarah to a carnival, life looks very good. But is his bizarre run of luck on the Wheel of Fortune really a blessing?",0.0,0
151,Dan Brown Export Box Set,Dan Brown,2015,480,,,0.0,0
152,Professional Web APIs with PHP,Paul Reinheimer,2006,379,Computers,"Offers hands-on tips and numerous code examples that show Web developers how to leverage content and feeds from today's top Web sites-including Google, eBay, PayPal, Amazon, Yahoo!, and FedEx Introduces APIs (Application Program Interfaces) in general and uses real-world examples that show how to produce and document them Explains how to use the popular scripting language PHP to create APIs that interact with unrelated applications over the Web Examples take readers through each stage of the API process, from basic test implementations to integration with existing sites",0.0,0
153,The Gospel According to Dan Brown,Jeff Dunn,2006,250,Literary Criticism,"There is a consistent gospel that Dan Brown preaches throughout all of his stories, and it profoundly contrasts the Bible's Gospel. You can't have both--a choice must be made. Stories are more than entertainment--they form our worldview. This book will lift up Brown's gospel against Christianity's biblical Gospel and help fans of Brown's books discern messages that are truly fiction and examine the new world view preached in his novels.",1.0,1
154,The Man Behind the Da Vinci Code,Lisa Rogak,2005,178,Biography & Autobiography,"Chronicles the life of author Dan Brown, discussing his childhood, schooling, efforts to avoid the public eye, acclaimed novels, impact on the literary world, and other related topics.",3.5,7
155,Dan Brown,Lisa Rogak,2025,155,Biography & Autobiography,"The Revealing Story of Dan Brown, the Man Who Outsold the Bible The Da Vinci Code made Dan Brown one of the most popular authors in history. Yet he's also one of the most secretive, rarely granting interviews or making public appearances. In this illuminating biography, Lisa Rogak uncovers the life of the high school English teacher and singer/songwriter who became one of the world's bestselling writers. She recounts his bumpy road to publishing success and the legal battle that he fought and won. And she sheds light on the writing process--- and Brown's fascination with puzzles and codes--- that has brought us Digital Fortress, Deception Point, Angels & Demons, The Da Vinci Code, The Lost Symbol, and Inferno. For the first time in paperback, this revised-and-updated biography offers fans a chance to learn more about the author whose novels have captivated millions of readers.",0.0,0
156,Origin,Dan Brown,2017,521,Fiction,"THE #1 WORLDWIDE BESTSELLER FROM THE ICONIC AUTHOR OF THE DA VINCI CODE, THE LOST SYMBOL, AND INFERNO “Fans of The Da Vinci Code rejoice! Professor Robert Langdon is again solving the mysteries of the universe.” —People “A life-or-death adventure.” —Entertainment Weekly Robert Langdon, Harvard professor of symbology, arrives at the ultramodern Guggenheim Museum Bilbao to attend the unveiling of a discovery that “will change the face of science forever.” The evening’s host is Edmond Kirsch, a forty-year-old billionaire and futurist, and one of Langdon’s first students. But the meticulously orchestrated evening suddenly erupts into chaos, and Kirsch’s precious discovery teeters on the brink of being lost forever. Facing an imminent threat, Langdon is forced to flee. With him is Ambra Vidal, the elegant museum director who worked with Kirsch. They travel to Barcelona on a perilous quest to locate a cryptic password that will unlock Kirsch’s secret. Navigating the dark corridors of hidden history and extreme re­ligion, Langdon and Vidal must evade an enemy whose all-knowing power seems to emanate from Spain’s Royal Palace. They uncover clues that ultimately bring them face-to-face with Kirsch’s shocking discovery . . . and the breathtaking truth that has long eluded us. Robert Langdon returns in The Secret of Secrets (coming soon)!",0.0,0
157,Digital Telephony and Law Enforcement Access to Advanced Telecommunications Technologies and Services,United States. Congress. Senate. Committee on the Judiciary. Subcommittee on Technology and the Law,1995,300,Law,,0.0,0
158,Pomona Queen,Kem Nunn,2013,242,Fiction,"Lost in a southern California barrio, Earl Dean has a hard time believing there is one living soul in this foul-smelling night who wants to be found by a salesman hawking vacuum cleaners. What awaits Earl in the faint flow of a distant porch light is the world of Dan Brown... Dan Brown’s brother has been killed. Dan has plans to handle the revenge, and Earl has strayed into the crossfire. Dan is the last of the road warriors, a murderous, drug-crazed biker who only thinks of laws as things to break. But more than Buddy Brown lies dead in the moonlight. From a time when the valley was the hub of the nation’s citrus industry to the defoliated sorry mess of today, it has come down to one fact: Earl Dean, broken-hearted vacuum cleaner salesman, owns the last single acre of orange groves in Pomona. And like his great-grandfather before him, he must come forward to claim his inheritance.",0.0,0
159,The Solomon Key and Beyond,W. Frederick Zimmerman,2005,462,Fiction,"The Unauthorized Dan Brown Update includes information about Digital Fortress, Angels & Demons, Deception Point, The Da Vinci Code (book and movie), The Solomon Key, and subsequent novels. It's a ""mini"" book in the sense that it is fairly thin - 96 pages to start with, although it will grow over time. (For example, detailed chapter-by-chapter analysis of The Solomon Key will be added soon after that novel is published.) This is a ""meta"" book in the sense that it complements, without trying to replace, the many worthy books that are already available about The Da Vinci Code. This book is unique in that it provides a ""nimble,"" timely report on *all* of Dan Brown's activities, including everything that is known about The Solomon Key, ""The Da Vinci Code"" movie, and beyond.",0.0,0
160,Dan Brown's Road to Success,D. M. Brown,2005,76,Biography & Autobiography,"Examines Brown's early years, his journey to the top of the New York Times Bestseller List, and his life as a novelist.",2.0,1
161,The Dan Brown Enigma,Graham Thomas,2011,284,Biography & Autobiography,"The Dan Brown Enigma is an insightful look into the world of Dan Brown that will not only enthral and entertain, but will unlock the secrets of one of the world's most exciting and enigmatic writers. Dan Brown is already one of the bestselling authors that the world has ever seen.Due to the success of his gripping novels Digital Fortress, Deception Point, Angels and Demons, The Da Vinci Code and The Lost Symbol, he has become a household name. But how did he achieve this? What's his secret? This in-depth biography reveals how, with a heady mix of science, religion, fact and fiction, he has captured the public's imagination and secured his place in the history of the popular thriller. Despite his enormous success, Dan Brown is an unassuming man. This book includes a look at his early years -- long before the fame and fortune that came with the success of The Da Vinci Code -- when he was a musician, teacher and writer of humour titles. It also examines the crucial role that his wife, Blythe Brown, plays in his life and work. His skilful storytelling, with its intricate, twisting plotlines, is certainly something that sets him apart from other thriller writers. The Dan Brown Enigma also looks at his extraordinary attention to detail and reveals how important research is to each of his books. Through hours and hours of careful study, he brings to light ancient rites and rituals that are buried deep within our collective subconscious. This combination of Brown's imagination with the secret truths, myths and legends from a variety of ancient institutions -- including the Freemasons and the Catholic Church -- are perhaps why his novels are so successful...and, at times, controversial.",0.0,0
162,The Dan Brown Enigma,Graham A. Thomas,2014,402,Biography & Autobiography,"Dan Brown is already one of the bestselling authors that the world has ever seen.Due to the success of his gripping novels Digital Fortress, Deception Point, Angels and Demons, The Da Vinci Code and The Lost Symbol, he has become a household name. But how did he achieve this? What's his secret? This in - depth biography reveals how, with a heady mix of science, religion, fact and fiction, he has captured the public's imagination and secured his place in the history of the popular thriller. Despite his enormous success, Dan Brown is an unassuming man. This book includes a look at his early years - long before the fame and fortune that came with the success of The Da Vinci Code - when he was a musician, teacher and writer of humour titles. It also examines the crucial role that his wife, Blythe Brown, plays in his life and work. His skilful storytelling, with its intricate, twisting plotlines, is certainly something that sets him apart from other thriller writers. The Dan Brown Enigma also looks at his extraordinary attention to detail and reveals how important research is to each of his books. Through hours and hours of careful study, he brings to light ancient rites and rituals that are buried deep within our collective subconscious. This combination of Brown's imagination with the secret truths, myths and legends from a variety of ancient institutions - including the Freemasons and the Catholic Church - are perhaps why his novels are so successful...and, at times, controversial.",0.0,0
163,Twenty-First-Century Popular Fiction,Bernice M. Murphy,2017,257,Literary Criticism,This groundbreaking collection provides students with a timely and accessible overview of current trends within contemporary popular fiction.,0.0,0
164,The Dan Brown Companion,Simon Cox,2006,284,Historic sites,"With its lavish gazetteer section and its in-depth look at some of the themes and real-life stories behind the fiction, The Dan Brown Companion gives a unique insight into the world of one of the most successful bestselling novelists of our time. A huge Dan Brown following has emerged, determined to walk in the footsteps of his lead character Robert Langdon and to delve deeper into the fiction. Simon Cox, bestselling author of Cracking the Da Vinci Code and Illuminating Angels and Demons, now brings us this definitive guide. In the gazetteer, you will visit the magical and mysterious places featured within The Da Vinci Code and Angels and Demons, as well as being introduced to the lives of the artists, scientists and other influential people mentioned in the books. In the narrative section, questions are answered and plots thickened as we look for the clues that inspired Dan Brown. From the death of popes to the Priory of Sion, the mystery of Rennes-le-Château to the Illuminati, all the facts are finally laid bare. The Dan Brown Companion is an exceptional guide to the real world of mystery and intrigue that lies at the heart of the Robert Langdon novels and is a must-have for all Dan Brown fans.",0.0,0
165,The Unauthorized Dan Brown Companion,John Helfers,2012,310,Reference,"The definitive truth within Dan Brown's fantastic fiction—revealed at last. With millions of copies of his books in print, a major motion picture based on The Da Vinci Code in theaters, and religious leaders everywhere launching scathing attacks on his work, Dan Brown is, quite simply, a phenomenon. His novels, intricate mosaics combining well-researched facts with action-packed storytelling, have created their own industry of location tours, seminars—even PBS specials. But perhaps the one thing that still keeps his readers guessing is that nagging question: How much of this is true? The Unauthorized Dan Brown Companion tells all. Unlike the avalanche of books specifically about The Da Vinci Code , The Unauthorized Dan Brown Companion covers all of Dan Brown's books and, crucially, has no religious agenda or political axe to grind—these are the facts. • Could there actually be an unbreakable code that would cripple US intelligence, as in Digital Fortress? • How much truth lies in The Da Vinci Code's history-altering propositions that have so angered the Vatican? • Are the Illuminati from Angels and Demons really alive and well? The answers are here, covering every picture, place, proper name, and historical event through all of Brown's books, explaining what's absolutely true, possible, improbable, or completely fictitious. One of Dan Brown's greatest accomplishments as a writer is his uncanny ability to blur the line between fact and fiction. Now, with The Unauthorized Dan Brown Companion, readers will at last have all of the information to distinguish for themselves between the inventions of a master storyteller and the historical revelations of a first-rate investigator. John Helfers is a full-time writer and editor currently living on Green Bay, Wisconsin. He is the co-editor of The Valdemar Companion, a guide to the work and life of fantasy writer Mercedes Lackey. Recent published books include two anthologies he edited, In the Shadow of Evil and Slipstreams. He has also written nonfiction, with his history of the United States Navy, The Alpha Bravo Delta Guide to the U.S. Navy, published in 2003.",0.0,0
166,History of Chicago: From the fire of 1871 until 1885,Alfred Theodore Andreas,1886,922,Chicago (Ill.),,0.0,0
167,INFERNO,DAN BROWN,2016,11,Fiction,"Seek and ye shall find.' With these words echoing in his head, eminent Harvard symbologist Robert Langdon awakes in a hospital bed with no recollection of where he is or how he got there. Nor can he explain the origin of the macabre object that is found hidden in his belongings. A threat to his life will propel him and a young doctor, Sienna Brooks, into a breakneck chase across the city of Florence. Only Langdon's knowledge of hidden passageways and ancient secrets that lie behind its historic facade can save them from the clutches of their unknown pursuers. With only a few lines from Dante's dark and epic masterpiece, The Inferno, to guide them, they must decipher a sequence of codes buried deep within some of the most celebrated artefacts of the Renaissance - sculptures, paintings, buildings - to find the answers to a puzzle which may, or may not, help them save the world from a terrifying threat. Set against an extraordinary landscape inspired by one of history's most ominous literary classics, Inferno is Dan Brown's most compelling and thought-provoking novel yet, a breathless race-against-time thriller that will grab you from page one and not let you go until you close the book.",0.0,0
168,James Patterson by James Patterson,James Patterson,2022,334,Biography & Autobiography,"How did a kid whose dad lived in the poorhouse become the most successful storyteller in the world? This ""fizzing, funny, often deeply moving"" (Daily Mail) #1 New York Times bestselling memoir is “damn near addictive. I loved it . . . that Patterson guy can write!” (Ron Howard) On the morning he was born, he nearly died. His dad grew up in the Pogey– the Newburgh, New York, poorhouse. He worked at a mental hospital in Massachusetts, where he met the singer James Taylor and the poet Robert Lowell. While he toiled in advertising hell, James wrote the ad jingle line “I’m a Toys ‘R’ Us Kid.” He once watched James Baldwin and Norman Mailer square off to trade punches at a party. He’s only been in love twice. Both times are amazing. Dolly Parton once sang “Happy Birthday” to James over the phone. She calls him J.J., for Jimmy James. How did a boy from small-town New York become the world’s most successful writer? How does he do it? He has always wanted to write the kind of novel that would be read and reread so many times that the binding breaks and the book literally falls apart. As he says, “I’m still working on that one.”",5.0,1
169,Private: Gold,James Patterson,2017,144,Fiction,"Money. Betrayal. Murder.That's a Private conversation. Hired to protect a visiting American woman, Private Johannesburg's Joey Montague is hoping for a routine job looking after a nervous tourist. After the apparent suicide of his business partner, he can't handle much more. But this case is not what it seems--and neither is his partner's death. BookShots LIGHTNING-FAST STORIES BY JAMES PATTERSON Novels you can devour in a few hours Impossible to stop reading All original content from James Patterson",0.0,0
170,Kill Me If You Can,James Patterson,2011,218,Fiction,"A poor art student living in New York stumbles on a bag of diamonds . . . but they come at a price in this unforgettable novel from ""America's #1 storyteller"" (Forbes). Matthew Bannon, a poor art student living in New York City, finds a duffel bag filled with diamonds during a chaotic attack at Grand Central Station. Plans for a worry-free life with his stunning girlfriend Katherine fill his thoughts - until he realizes that he is being hunted, and that whoever is after him won't stop until they have reclaimed the diamonds and exacted their revenge. Trailing him is the Ghost, the world's greatest assassin, who has just pulled off his most high-profile hit: killing Walter Zelvas, a top member of the international Diamond Syndicate. There's only one small problem: the diamonds he was supposed to retrieve from Zelvas are missing. Now, the Ghost is on Bannon's trail but so is a rival assassin who would like nothing more than to make the Ghost disappear forever. From the world's #1 writer comes a high-speed thrill ride of adrenaline-fueled suspense you'll never forget.",0.0,0
171,Kill and Tell,James Patterson,2017,108,Fiction,"This famous Hollywood director committed an unspeakable crime against his stepdaughter . . . or did he? Famous film director Wayne Tennet stands accused by his stepdaughter of crossing the line. Falsely, he swears. Now his life and career hang in the balance. But why would she lie? The darkest thriller of the year has an only-in-Hollywood twist you'll never see coming. BookShots Lightning-fast stories by James Patterson Novels you can devour in a few hours Impossible to stop reading All original content from James Patterson",0.0,0
172,The Dolls,James Patterson,2017,137,Fiction,"James Patterson’s BookShots. Short, fast-paced, high-impact entertainment. The dolls are perfect lovers, perfect companions, perfect killers. Investigative reporter Lana Wallace has covered many crimes of passion in ten years. But nothing will prepare her for the dark secrets of...the dolls.",2.0,1
173,Black Market,James Patterson,2006,402,Fiction,"The threat was absolute. At 5.05 p.m. Wall Street would be destroyed. Faced with catastrophe on an unimaginable scale, Federal agent Archer Carroll and Wall Street lawyer Caitlin Dillon are pitched into a heart-stopping race against time.",0.0,0
174,Truth Or Die,James Patterson,2015,510,Large type books,"New York attorney Trevor Mann's world shatters when he receives a phone call telling him his girlfriend has been shot dead in a mugging. But the circumstances point to something more calculated than a random attack. Claire was a New York Times journalist and Trevor is convinced she had unearthed a secret so shocking that she was murdered to keep it from coming to light. Chasing her leads, he will risk everything to discover what exactly she was killed for. It's time to find out the truth - or die.",0.0,0
175,Heist,James Patterson,2016,126,Fiction,"James Patterson’s BookShots. Short, fast-paced, high-impact entertainment. Three thieves have planned the perfect diamond heist. They’ve monitored the Hatton Garden jeweller for months and are ready to make the hit. But they were not expecting a rival crew to show up at exactly the same time. After a bloody fight, the three thieves come away with the diamonds and set off to meet their buyer in Amsterdam. But now it’s not only the police who are chasing them, and not only the diamonds that are at stake.",0.0,0
176,Zoo,James Patterson,2012,320,Fiction,"In James Patterson's pulse-racing New York Times bestseller, violent animal attacks are destroying entire cities-and two unlikely heroes must save the world before it's too late. All over the world, brutal animal attacks are crippling entire cities. Jackson Oz, a young biologist, watches the escalating events with an increasing sense of dread. When he witnesses a coordinated lion ambush in Africa, the enormity of the violence to come becomes terrifyingly clear. With the help of ecologist Chloe Tousignant, Oz races to warn world leaders before it's too late. The attacks are growing in ferocity, cunning, and planning, and soon there will be no place left for humans to hide. For 36 years, James Patterson has written unputdownable, pulse-racing novels-and Zoo is the thriller he was born to write. With wildly inventive imagination and white-knuckle suspense that rivals Stephen King at his very best, Zoo is an epic, non-stop thrill-ride from ""one of the best of the best"" (Time).",5.0,1
177,The First Lady,James Patterson,2019,295,Fiction,"One secret could bring down the government when the President's memorable affair becomes a nightmare he longs to forget in this page-turner from James Patterson that will keep you up reading all night long. Sally Grissom is a top Secret Service agent in charge of the Presidential Protection team. She knows that something is amiss when she's summoned to a private meeting with the President and his Chief of Staff without any witnesses. But she couldn't have predicted that she'd be forced to take on an investigation surrounding the mysterious disappearance of the First Lady -- with strict orders to keep it a secret. The First Lady's absence comes in the wake of the scandalous, public revelation of the president's affair, so at first it seems as though she is simply cutting off all contact as she recuperates at a horse farm in Virginia. What begins as an innocent respite quickly turns into a twisted case when the White House receives a ransom note along with the First Lady's finger.",0.0,0
178,The Lake House,James Patterson,2004,403,Colorado,Megabestselling James Patterson delivers an unputdownable thriller that will chill your spine even as your imagination soars above the clouds.,0.0,0
179,The Warning,James Patterson,2019,277,Fiction,"In this fast-paced thriller, a power plant explosion takes a small-town community off the grid -- all while a terrifying force lurks in the shadows. Two roads lead to Mount Hope. None leads out. A small southern town was evacuated after a freak accident. As the first anniversary of the mishap approaches, some residents are allowed to return past the national guard roadblocks. Mount Hope natives Maggie and Jordan quickly discover that their hometown is not as it was before. Downed cellular networks fail to resume service. Animals savagely attack humans. And the damaged power plant, where Jordan's father is an engineer, is under military lockdown. As friends and family morph into terrifying strangers, Maggie and Jordan increasingly turn to each other. Their determination to discover who -- or what -- has taken control of Mount Hope soon has them caught in the crosshairs of a presence more sinister than any they could have imagined.",0.0,0
180,Steal,James Patterson,2022,333,Fiction,"'James Patterson is The Boss. End of' Ian Rankin 'One of the greatest storytellers of all time' Patricia Cornwell 'A writer with an unusual skill at thriller plotting' Mark Lawson, Guardian __________________________________ The third thrilling instalment of James Patterson's Instinct series The stakes are sky-high for Dr Dylan Reinhart. When a student in Reinhart's psychology class threatens to kill himself, everyone hopes it is a hoax. But when he cannot be found after twenty-four hours, it seems the worst is confirmed. Did he really do it? The student's father, a powerful hedge fund CEO, is convinced he did not. Only one person can help him get to the truth. Reinhart is now wrapped up in multimillion-dollar secrets and danger and it is going to take every bit of his expertise to close the case. Can he stay ahead of his enemy. . . and his employer? _________________________________ Praise for James Patterson: 'The master storyteller of our times' Hillary Rodham Clinton 'No one gets this big without amazing natural storytelling talent - which is exactly what Jim has, in spades' Lee Child 'It's no mystery why James Patterson is the world's most popular thriller writer . . . Simply put: nobody does it better' Jeffery Deaver 'Patterson boils a scene down to the single, telling detail, the element that defines a character or moves a plot along. It is what fires off the movie projector in the reader's mind' Michael Connelly",0.0,0
181,The Season of the Machete,James Patterson,1977,308,Fiction,"Forsaking his life of leisure, Peter Macdonald prepares for a confrontation on a vacation island with psychopathic ""killers-for-hire"" Damian and Carrie Rose.",2.0,3
182,Hide & Seek,James Patterson,1996,358,Fiction,"Maggie Bradford is one of the most beloved singer/songwriters anywhere. She's also the devoted mother of two children. She seems to have it all. And so, how could she have murdered not just one, but two of her husbands? With unrelenting suspense, James Patterson answers that question. Copyright © Libri GmbH. All rights reserved.",0.0,0
183,Paranoia,James Patterson,2025,316,Fiction,"A serial killer is taking out cops in NYC. Could Detective Michael Bennett be next? Michael Bennett says a prayer every time he witnesses a death. In his line of work, it happens too often. But lately he’s attended so many police funerals that his deepening sadness is crossing into the zone of suspicion. Bennett must find the person responsible for the deaths of his friends – before he becomes their next target. With a new baby on the way, Bennett’s protective instincts – as a father, a colleague and a detective – have never faced a bigger test. _____________________________________ PRAISE FOR JAMES PATTERSON 'It's no mystery why James Patterson is the world's most popular thriller writer ... Simply put: nobody does it better.' JEFFERY DEAVER 'No one gets this big without amazing natural storytelling talent - which is what Jim has, in spades.' LEE CHILD 'Patterson boils a scene down to the single, telling detail, the element that defines a character or moves a plot along. It's what fires off the movie projector in the reader's mind.' MICHAEL CONNELLY 'James Patterson is The Boss. End of.' IAN RANKIN 'The master storyteller of our times' HILLARY RODHAM CLINTON 'One of the greatest storytellers of all time' PATRICIA CORNWELL 'Patterson knows where our deepest fears are buried ... there's no stopping his imagination' NEW YORK TIMES BOOK REVIEW 'Patterson is in a class by himself' GUARDIAN",0.0,0
184,Invisible,James Patterson,2014,356,Fiction,"THE SUNDAY TIMES BESTSELLER My nightmare: it’s the same every time. I’m trapped in my bedroom with an inferno blazing around me. It started eight months ago, when my sister was killed in a house fire. Her death was written off as an accident, but I know she was murdered. There have been dozens of ‘accidental’ fires across the US over the past year that are all too similar to be coincidental. I’ve never been more sure of anything. One of the worst serial killers of all time is being ignored. And it’s up to me to stop him.",4.0,2
185,Kiss the Girls,James Patterson,1996,482,Fiction,"Detective Alex Cross makes his second appearance in the worldwide No 1 bestseller that also became a No 1 box office hit as a film starring Morgan Freeman - now reissued in striking new cover style. In Kiss the Girls, Washington-based homicide detective Alex Cross is thrust into a case he will never forget. This time there isn't just one serial killer, there are two. One collects beautiful, intelligent women on college campuses on the east coast. The other is terrorising LA with a series of unspeakable murders. But the truly chilling news is that the two brilliant and elusive killers are communicating, cooperating, competing - and they have Alex Cross's niece.",0.0,0
186,1st Case,James Patterson,2020,294,Fiction,"Genius programmer Angela Hoot has always been at the top of her class, but now she's at the bottom of the FBI food chain—until her first case threatens everyone around her. ​ Angela's graduate school days at MIT come to an abrupt end when she uses her hacking skills on another student's computer. Yet her mentor, Eve Abajian, arranges a new beginning for her—as an intern in FBI's Boston field office. Her new supervisor, Assistant Special Agent in Charge William Keats, one of only two agents in the Northeast to make his rank before the age of thirty, sees in Angela a fellow prodigy. But Angela's skills come with a natural curiosity, which is also a dangerous liability. With little training, Angela is quickly plunged into a tough case: tracking murderous brothers who go by the Poet and the Engineer. When Keats tells her to ""watch and listen,"" Angela's mind kicks into overdrive. The obsessive thinking that earned her As on campus can prove fatal in the field.",0.0,0
187,Agatha Christie's True Crime Inspirations,Mike Holgate,2011,128,History,"Fact proves far stranger than fiction in this collection of real-life crimes, scandals, tragedies and murders which either influenced the works of the world's most popular mystery writer or affected the lives of many famous personalities involved in her long and brilliant career. Discover the truth behind many of her books, such as how the exploits of Jack the Ripper inspired the serial killings in The ABC Murders and how the plot twist in The Murder of Roger Ackroyd was suggested by Lord Mountbatten. This book also reveals how many of her illustrious acquaintances found themselves immersed in episodes so bizarre that they could have been written by Christie herself, including how the father of Miss Marple actress Margaret Rutherford committed murder and Poirot actor Peter Ustinov witnessed the assassination of a world leader. Agatha Christie's True Crime Inspirations is a fascinating addition to Christie literature, focusing on little-known parts of this iconic writer's life and career. From her early roots in Torquay to her infamous eleven-day disappearance, no stone is left unturned as the events of her own life are revealed to be every bit as intriguing as her world-renowned novels.",0.0,0
188,The Getaway Guide to Agatha Christie's England,Judith Hurdle,1999,204,Travel,"Travel to Burgh Island, ride the Orient Express, see the Christie homes and the hotels that inspired her famed books that have sold over two billion copies. This classic guide is the best way to see the fascinating places and landscapes that are at the heart of Christie's fascinating mysteries that continue to delight readers around the world.",0.0,0
189,"Тайна ""Голубого поезда""",Agatha Christie,2016,441,Murder,,0.0,0
190,The Complete Christie,Matthew Bunson,2000,472,Biography & Autobiography,"Painstakingly researched, this illustrated reference captures the spirited imagination of Dame Agatha and the intriguing atmosphere of her tales. Includes a comprehensive Christie biography, cross-referenced with plot synopses and character listings. Photos throughout.",5.0,1
191,Agatha Christie,Henry Reymond Fitzwalter Keating,1977,218,Literary Criticism,"H.R.F. Keating, Michael Gilbert, Dorothy B. Hughes, Julian Symons and other writers discuss the life and work of Agatha Christie.",0.0,0
192,The Agatha Christie Collection,Agatha Christie,2011,432,Fiction,"Agatha Christie, DBE, (15 September 1890 – 12 January 1976), was a British crime writer of novels, short stories, and plays. She also wrote romances under the name Mary Westmacott, but she is best remembered for her 80 detective novels—especially those featuring Hercule Poirot and Miss Jane Marple—and her successful West End theatre plays.According to the Guinness Book of World Records, Christie is the best-selling writer of books of all time and, with William Shakespeare, the best-selling author of any kind. She has sold roughly four billion copies of her novels.[1] According to Index Translationum, Christie is the most translated individual author, with only the collective corporate works of Walt Disney Productions surpassing her.[2] Her books have been translated into at least 103 languages.[3]Christie's stage play The Mousetrap holds the record for the longest initial run: it opened at the Ambassadors Theatre in London on 25 November 1952 and as of 2011 is still running after more than 23,000 performances. In 1955, Christie was the first recipient of the Mystery Writers of America's highest honour, the Grand Master Award, and in the same year Witness for the Prosecution was given an Edgar Award by the MWA for Best Play. Most of her books and short stories have been filmed, some many times over (Murder on the Orient Express, Death on the Nile and 4.50 From Paddington for instance), and many have been adapted for television, radio, video games and comics. - WikipediaTable of ContentsThe Mysterious Affair at Styles CHAPTER I. I GO TO STYLES CHAPTER II. THE 16TH AND 17TH OF JULY CHAPTER III. THE NIGHT OF THE TRAGEDY CHAPTER IV. POIROT INVESTIGATES CHAPTER V. ""IT ISN'T STRYCHNINE, IS IT?"" CHAPTER VI. THE INQUEST CHAPTER VII. POIROT PAYS HIS DEBTS CHAPTER VIII. FRESH SUSPICIONS CHAPTER IX. DR. BAUERSTEIN CHAPTER X. THE ARREST CHAPTER XI. THE CASE FOR THE PROSECUTION CHAPTER XII. THE LAST LINK CHAPTER XIII. POIROT EXPLAINS Secret Adversary Page 160CHAPTER I. THE YOUNG ADVENTURERS, LTD. CHAPTER II. MR. WHITTINGTON'S OFFER CHAPTER III. A SET BACK CHAPTER IV. WHO IS JANE FINN? CHAPTER V. MR. JULIUS P. HERSHEIMMER CHAPTER VI. A PLAN OF CAMPAIGN CHAPTER VII. THE HOUSE IN SOHO CHAPTER VIII. THE ADVENTURES OF TOMMY CHAPTER IX. TUPPENCE ENTERS DOMESTIC SERVICE CHAPTER X. ENTER SIR JAMES PEEL EDGERTON CHAPTER XI. JULIUS TELLS A STORY CHAPTER XII. A FRIEND IN NEED CHAPTER XIII. THE VIGIL CHAPTER XIV. A CONSULTATION CHAPTER XV. TUPPENCE RECEIVES A PROPOSAL CHAPTER XVI. FURTHER ADVENTURES OF TOMMY CHAPTER XVII. ANNETTE CHAPTER XVIII. THE TELEGRAM CHAPTER XIX. JANE FINN CHAPTER XX. TOO LATE CHAPTER XXI. TOMMY MAKES A DISCOVERY CHAPTER XXII. IN DOWNING STREET CHAPTER XXIII. A RACE AGAINST TIME CHAPTER XXIV. JULIUS TAKES A HAND CHAPTER XXV. JANE'S STORY CHAPTER XXVI. MR. BROWN CHAPTER XXVII. A SUPPER PARTY AT THE SAVOY CHAPTER XXVIII. AND AFTER",0.0,0
193,The Films of Agatha Christie,Scott Palmer,1993,236,Literary Criticism,"Complete and up-to-date coverage of all films, both for cinema and for TV, made from the works of Dame Agatha Christie. Each entry contains a cast list, synopsis, plot, character analyses, reviews and other comments, making this the ultimate film reference book for every Christie fan. The films are dealt with chronologically from the very first film of an Agatha Christie story, Die Abenteuer GMBH, in 1928, through all the favourites such as Ten Little Indians, Murder on the Orient Express, Death on the Nile and A Caribbean Mystery, right up to the latest in the series starring David Suchet as Poirot, The Mirror Cracked From Side to Side.",0.0,0
194,"Agatha Christie, Woman of Mystery - With Audio Level 2 Oxford Bookworms Library",John Escott,2014,64,Foreign Language Study,"A level 2 Oxford Bookworms Library graded reader. This version includes an audio book: listen to the story as you read. Written for Learners of English by John Escott. What does the name ‘Agatha Christie’ mean? To many people, it means a book about a murder mystery – a ‘whodunnit’. ‘I’m reading an Agatha Christie,’ people say. ‘I’m not sure who the murderer is – I think it’s . . .’ But they are usually wrong, because it is not easy to guess the murderer’s name before the end of the book. But who was Agatha Christie? What was she like? Was her life quiet and unexciting, or was it full of interest and adventure? Was there a mystery in her life, too?",0.0,0
195,Christmas With Agatha Christie,Agatha Christie,2023,1427,Fiction,"In ""Christmas With Agatha Christie,"" readers are invited to indulge in a collection of festive mysteries that showcase Christie's unparalleled storytelling prowess. These tales resonate with the charm of holiday traditions, immersing readers into a world where intrigue festers beneath the twinkling lights of Christmas cheer. Christie masterfully intertwines her signature suspenseful narrative style with evocative descriptions of seasonal settings, creating an immersive literary experience that highlights both the warmth of family gatherings and the chilling undertones of deception. Agatha Christie, renowned as the 'Queen of Crime,' was born in 1890 and has enchanted readers worldwide with her ingenious plotting and memorable characters. Her own experiences during the holidays, combined with the social mores of her time, inform these narratives, providing insights into human nature and familial dynamics. Her legacy in detective fiction has fostered a tradition of unraveling mysteries that echo through her era and beyond, cementing her status as a pivotal figure in the genre. This book is a must-read for mystery enthusiasts and those seeking a blend of festive cheer and captivating suspense. Christie's enchanting blend of holiday spirit and crime invites the reader to unwrap the complexities of human motives'—a perfect complement to any holiday gathering. In this enriched edition, we have carefully created added value for your reading experience: - A succinct Introduction situates the work's timeless appeal and themes. - The Synopsis outlines the central plot, highlighting key developments without spoiling critical twists. - A detailed Historical Context immerses you in the era's events and influences that shaped the writing. - An Author Biography reveals milestones in the author's life, illuminating the personal insights behind the text. - A thorough Analysis dissects symbols, motifs, and character arcs to unearth underlying meanings. - Reflection questions prompt you to engage personally with the work's messages, connecting them to modern life. - Hand‐picked Memorable Quotes shine a spotlight on moments of literary brilliance. - Interactive footnotes clarify unusual references, historical allusions, and archaic phrases for an effortless, more informed read.",0.0,0
196,Agatha Christie: Inspiring Lives,Cathy Cook,2013,185,Biography & Autobiography,"This miscellany explores the fascinating and enigmatic world created by the undisputed 'Queen of Crime', Agatha Christie. Examining her place in literary history, her books and her iconic characters, including Hercule Poirot and Miss Marple, this unique collection includes facts, trivia and quotes that feature in Christie's legendary stories and the subsequent film and television adaptations. The Agatha Christie Miscellany will also delve into the secrets, mysteries and tricks that made Christie the most sensational and successful mystery writer of her time. For example, how is it that she managed to keep us guessing the murderer until the very end? Looking at her life and the influences on her writing, this entertaining and informative miscellany will, above all, unravel the secrets of Agatha Christie's phenomenal success.",0.0,0
197,British Murder Mysteries - The Agatha Christie Collection,Agatha Christie,2022,1189,Fiction,"In 'British Murder Mysteries - The Agatha Christie Collection', Agatha Christie masterfully weaves an intricate tapestry of suspense and intrigue, showcasing her unparalleled ability to blend complex plotting with compelling character studies. This collection, encompassing some of her most celebrated works, reflects the interwar period's fascination with the macabre and the psychological undercurrents that drive human behavior. Christie's distinctive literary style—marked by sharp dialogue, vivid settings, and a keen eye for detail—invites readers into a world where nothing is as it seems, and every seemingly mundane element could hold the key to solving the mystery. Agatha Christie, known as the ""Queen of Crime,"" was profoundly influenced by her own experiences and the social dynamics of her time, including the effects of World War I and the shifting roles of women in society. Her personal love for archeological digs and travel, often shared with her husband, fueled her imagination and fed into the rich locales and vibrant characters that populate her stories. This background not only enhanced her storytelling but also provided insights into the complexities of human relationships and moral dilemmas that underpin her narratives. For both seasoned Christie aficionados and newcomers alike, this collection is an essential exploration of the art of the British mystery. It invites readers to savor each twist and turn while engaging with timeless themes of justice, deception, and the darker sides of human nature. Dive into this collection and unravel the enigmas crafted by one of literature's most iconic figures.",0.0,0
198,The Mysterious World of Agatha Christie,Jeffrey Feinman,1975,200,"Authors, English",,0.0,0
199,Agatha Christie,Mary Wagoner,1986,184,Biography & Autobiography,An analysis of this mystery story writer's works with an accompanying brief biography.,4.0,1
200,AGATHA CHRISTIE Premium Collection,Agatha Christie,2023,965,Fiction,"The ""AGATHA CHRISTIE Premium Collection"" offers a meticulously curated anthology of some of Agatha Christie's most celebrated works, showcasing her unparalleled ability to weave intricate plots filled with suspense and intrigue. With a distinctive literary style characterized by its sharp dialogue and masterfully constructed narratives, the collection spans both her famous Hercule Poirot and Miss Marple mysteries, each reflecting the evolving societal concerns of the early to mid-20th century. Readers are invited to immerse themselves in the psychological depth and clever misdirection that have solidified Christie's status as the queen of crime fiction. Agatha Christie, born in 1890, was influenced by her experiences in diverse settings, from her time in Victorian-era England to her travels across the Middle East. Her keen observations of human nature, combined with a fascination for puzzles and the complexity of moral choices, shaped her writing. This collection brings together the best of her genius, illuminating her capacity to articulate the darker facets of human ambition and deception. I highly recommend the ""AGATHA CHRISTIE Premium Collection"" to both seasoned fans and new readers alike, as it not only exemplifies Christie's legacy in detective fiction but also offers a lens into the societal intricacies of her time, ensuring an engaging and thought-provoking reading experience.",0.0,0
201,Cards on the Table,Agatha Christie,1998,244,Fiction,"A BBC Radio full-cast dramatization starring John Moffatt as Hercule Poirot, with Stephanie Cole and Donald Sinden. Hercule Poirot, along with three other luminaries from the world of crime detection, is invited to dinner by the renowned London socialite Dr. Shaitana. Also on the guest list are four members of what Shaitana calls his Black Museum--a collection of murderers who have each succeeded in ""getting away with it."" After midnight, when the guests prepare to leave, they make a terrible discovery. Their host is dead in his armchair, stabbed in the chest. The four sleuths are thus faced with one murder and a quartet of likely suspects. Working both together and independently, they investigate the past of the Black Museum's finest in order to determine the most likely killer. Poirot finds that many distractions are thrown in his way, as he attempts to read the meaning of the cards which each suspect has placed on the table.",0.0,0
202,Agatha Christie,J.C. Bernthal,2022,457,Literary Criticism,"The undisputed ""Queen of Crime,"" Dame Agatha Christie (1890-1976) is the bestselling novelist of all time. As the creator of immortal detectives Hercule Poirot and Jane Marple, she continues to enthrall readers around the world and is drawing increasing attention from scholars, historians, and critics. But Christie wrote far beyond Poirot and Marple. A varied life including war work, archaeology, and two very different marriages provided the backdrop to a diverse body of work. This encyclopedic companion summarizes and explores Christie's entire literary output, including the detective fiction, plays, radio dramas, adaptations, and her little-studied non-crime writing. It details all published works and key themes and characters, as well as the people and places that inspired them, and identifies a trove of uncollected interviews, articles, and unpublished material, including details that have never appeared in print. For the casual reader looking for background information on their favorite mystery to the dedicated scholar tracking down elusive new angles, this companion will provide the most comprehensive and up-to-date information.",0.0,0
203,The Bloomsbury Handbook to Agatha Christie,Mary Anna Evans,2022,425,Literary Criticism,"Nominated for the 2023 Edgar Allan Poe Award for Best Critical / Biography The first specifically academic companion to contemporary scholarship on the work of Agatha Christie, this book includes chapters by an international group of scholars writing on topics and fields of study as various as ecocriticism and the anthropocene, popular modernism, middlebrow fiction, queer theory, feminism, crime and the state, and more. It addresses a broad selection of Christie's crime novels, as well as her short stories, literary novels written pseudonymously, and her own and others' dramatic adaptations for television, film, and the stage. Featuring unprecedented access to images and content held in Christie's personal archive, as well as a Foreword from renowned crime fiction writer Val McDermid, this is essential reading for anyone interested in Christie's work and legacy.",0.0,0
204,The Collected Works of Agatha Christie (Vol.1),Agatha Christie,2023,1211,Fiction,"The Collected Works of Agatha Christie (Vol. 1) is a meticulously curated anthology that encapsulates the brilliance of one of the most prolific authors of the mystery genre. This volume showcases Christie's unparalleled storytelling prowess, characterized by intricate plots, red herrings, and masterful character development. Readers will find themselves immersed in classic works such as ""The Mysterious Affair at Styles"" and ""The Secret Adversary,"" where Christie's signature elements of suspense and psychological depth are expertly woven into the narrative fabric. The compilation not only highlights her deftness with language but also situates her work in the broader context of early 20th-century literature, reflecting societal issues and the burgeoning interest in crime fiction during her time. Agatha Christie, often referred to as the 'Queen of Crime,' penned over sixty novels in her illustrious career, drawing inspiration from her travel experiences and keen observations of human nature. Born in 1890, Christie's fascination with mystery was heightened by her roles in both World Wars and the varied characters she encountered. Her exceptional talent for crafting plots that challenge readers' deductive reasoning has solidified her legacy, influencing countless authors and adaptations across various media. This volume is highly recommended for enthusiasts of mystery fiction, scholars of literary history, and newcomers alike. It serves not only as a delightful reading experience but also as an essential resource for understanding the evolution of the genre. Christie's works remain timeless, offering profound insights into the human psyche and the complexities of morality, making this collection an indispensable addition to any literary library.",0.0,0
205,Библиография Средиземья. Творчество Дж. Р. Р. Толкина и его изучение в России и за рубежом. Указатель источников и литературы,Михаил Минц,2025,472,Reference,"Рубрицированный и аннотированный указатель опубликованных произведений Дж. Р. Р. Толкина (включая черновики, опубликованные посмертно) и их русских переводов, а также исследовательской, научно-популярной и справочной литературы по толкинистике, главным образом на русском и английском языках. Общий объём библиографии – более 3000 наименований. Библиография произведений Толкина сопровождается обзорной статьёй с описанием основных составляющих его творческого наследия и текущей ситуации с переводом его работ на русский язык.Для литературоведов, специалистов по искусственным языкам и широкого круга читателей, интересующихся творчеством Толкина.",0.0,0
206,"Exploring J.r.r. Tolkien's ""the Hobbit""",Corey Olsen,2012,333,Literary Criticism,"Exploring J.R.R. Tolkien’s The Hobbit is an in-depth look at one of the most beloved books of the twentieth century, uncovering its secrets and delights. “An admirable and thought-provoking consideration of the underlying themes of The Hobbit, following the there-and-back-again progress from its famous first line on through to Bilbo's return home at the story's end.” —Douglas A. Anderson, author of The Annotated Hobbit A fun, thoughtful, and insightful companion volume designed to bring a thorough and original new reading of this great work to a general audience, Tolkien scholar Corey Olsen takes readers on a thorough journey through The Hobbit chapter by chapter, revealing the stories within the story: the dark desires of dwarves and the sublime laughter of elves, the nature of evil and its hopelessness, the mystery of divine providence and human choice, and, most of all, the transformation within the life of Bilbo Baggins. Exploring J.R.R. Tolkien’s The Hobbit is a book that will make the classic fantasy story come alive for readers as never before. “Worthy of your tightly guarded dragon’s treasure. . . . Indispensable.” —Boston Globe “Sharing Corey Olsen’s personal view of The Hobbit is like having a long conversation with someone who shares the love of a favorite book and is excited to talk about it. His exploration of the journey of Bilbo Baggins will encourage readers to think more deeply about Tolkien’s classic tale.” —Wayne G. Hammond and Christina Scull, authors of The Art of The Hobbit by J. R. R. Tolkien",0.0,0
207,Tolkien's Mythology for England,Edmund Wainwright,2004,136,History,Contains information about Tolkien's life and work. Tolkien was concerned that much of early English mythology had been lost. He set out to create a new mythology for England which drew on early sources. Most of the book focuses on The Lord of the Rings and shows how Tolkien used his knowledge of Anglo-Saxon and Norse literature and language to shape his plots and characters.,0.0,0
208,J.R.R. Tolkien,Bodleian Library,1992,108,Antiques & Collectibles,"Originally written to accompany a 1994 Bodleian Library exhibition, this is a beautifully-illustrated and elegantly written testament to the cross-fertilization of European culture and tradition in the Middle Ages and early Modern period. The manuscripts and books presented here—including Ptolemy's ""Cosmographia"" and a Pilgrim's guide to the Holy Land—reveal the lively ""trafficking of ideas"" across the Continent.",0.0,0
209,Джон Р. Р. Толкин. Биография,Хамфри Карпентер,2021,383,Biography & Autobiography,"Хамфри У. Б. Карпентер (1946–2005) – английский биограф, писатель и радиоведущий. Кроме широко известной «Биографии» Дж. Р. Р. Толкина (1977), написал «Инклинги» (1978), биографии У. Х. Одена, Эзры Паунда, Ивлина Во и других известных личностей.В формате PDF A4 сохранён издательский дизайн.",0.0,0
210,The Languages of Tolkien's Middle-earth,Ruth S. Noel,1980,232,Literary Criticism,"Presents a comprehensive pocket guide to the fourteen languages of Tolkien's Middle-Earth and contains a dictionary and English/Elvish glossary, rules of grammar and pronunciation, and how to write the Elvish alphabet.",0.0,0
211,Толкин,Геннадий Прашкевич,2019,423,"Authors, English",,0.0,0
212,Monarch Notes on Tolkien's Fellowship of the Ring,Louise D. Morrison,1975,116,Literary Criticism,,0.0,0
213,The Letters of J. R. R. Tolkien,J. R. R. Tolkien,2012,679,Literary Criticism,A comprehensive collection of letters spanning the adult life (1914-1973) of one of the world’s most famous storytellers.,0.0,0
214,Tolkien's Gown,R. A. Gekoski,2004,264,Language Arts & Disciplines,"Based on the popular BBC Radio 4 series Rare Books, Rare People, Tolkien's Gown? and Other Stories of Great Authors and Rare Books? is a feast of the tales behind some of the most iconic titles to have graced British publishing, and fascinating anecdotes about the authors who wrote them. From Grahame Greene arranging a meeting in his hotel room to sell a signed copy of ?Lolita? for #4,000 to the author of this book, Rick Gekoski, over a glass or ten of vodka. He resold the book in his hungover stat the next day to Elton John's lyricist Bernie Taupin and in later years it went on to fetch $264,000 at auction in Christies to J.D. Salinger threatening a law suit, this is a gem of a book. There are stories about Talkien, Potter Orwell, Larkin, Hemingway and more, representing a treasure trove of trivia for book fans.",0.0,0
215,Tolkien Through Russian Eyes,Mark T. Hooker,2003,328,Language Arts & Disciplines,"Tolkien Through Russian Eyes examines the sociological impact of the translation and publication of J.R.R. Tolkien's works in post-Soviet Russia. After 70 years of obligatory State atheism, when the Soviet Union collapsed, Russian society began actively seeking new sets of spiritual values. The Christian-like doctrine of Tolkienism has attracted a substantial following. During the Soviet era, The Lord of the Rings was a banned book, which was translated independently by a number of underground translators. The result of this is that there are numerous contemporary published translations competing with each other for the reader's attention. There are 10 translations of The Lord of the Rings; 9 translations of The Hobbit and 6 translations of The Silmarillion. Each translator has a slightly different approach to the text. Each translation has a slightly different interpretation of Tolkien. Each translator has a different story to tell. Most of the existing translations are only Tolkienesque, they are not really Tolkienian. They have been adapted to the Russian mental climate. This book relates the history of the publication of Tolkien's works; examines the philosophical distortions introduced by the competing translations, attempts to explain their origins and how they will be perceived by the Russian reader. No knowledge of Russian is necessary. Mr. Hooker's articles on Tolkien have been published in the specialist periodical press in English, in Dutch and in Russian. The results of his research have been presented at a number of conferences, both in the United States and in Holland.",0.0,0
216,"The Lord of the Rings, 1954-2004",Wayne G. Hammond,2006,400,Literary Criticism,"The fiftieth anniversary of the first publication of The Lord of the Rings, the enormously popular and influential masterpiece of fantasy by J.R.R. Tolkien, is celebrated in these twenty papers presented at the Marquette University Tolkien conference of 21-23 October 2004. They are published in honor of the late Dr. Richard E. Blackwelder, who gave his important Tolkien collection to the Marquette University Libraries, long a major center for Tolkien research. Half of the papers in this book focus on The Lord of the Rings, while others investigate the larger body of Tolkien's achievements, as a writer of fiction, a maker of language, and one of the leading philologists of his day. The contributors to The Lord of the Rings, 1954-2004 include a who's who of scholars in Tolkien studies: Douglas A. Anderson, David Bratman, Marjorie Burns, Jane Chance, Michael D.C. Drout, Matthew A. Fisher, Verlyn Flieger, Mike Foster, John Garth, Wayne G. Hammond, Carl F. Hostetter, Sumner G. Hunnewell, John D. Rateliff, Christina Scull, T.A. Shippey, Arden R. Smith, Paul Edmund Thomas, Richard C. West, and Arne Zettersten. As preface, Charles B. Elston, former director of Special Collections and University Archives, provides a reminiscence of Dr. Blackwelder and his generosity to Marquette. Fans and students of Tolkien alike will find these essays informative and entertaining.",0.0,0
217,Как Гарри заколдовал мир. Скрытые смыслы произведений Дж.К. Роулинг,Джон Грейнджер,2024,265,Literary Criticism,"История о Гарри Поттере – одна из самых популярных среди когда-либо написанных. В чем секрет такого ошеломляющего успеха? Известный «поттеровед» Джон Грейнджер убедительно показывает, что разгадка популярности таится глубже увлекательного сюжета или удачного маркетинга: «Гарри Поттер» отвечает насущной потребности современного читателя в духовных смыслах и обращается к ключевым образам и архетипам христианской культуры. Автор приглашает к увлекательному путешествию по всем семи книгам поттерианы и разбирает основные сюжетные ходы и образы, расшифровывая их символическое значение и показывая, какую вечно актуальную историю на самом деле рассказывает Джоан Роулинг.В формате PDF A4 сохранен издательский макет книги.",0.0,0
218,"Джоан Роулинг. Всё о Гарри Поттере, жизни и любви",Софья Бенуа,2016,263,Biography & Autobiography,"Эта история началась в поезде, который следовал из Манчестера в Лондон. За окном проносились хмурые английские пейзажи, которые и вдохновили Джоан Роулинг на создание книги о мальчике-волшебнике. Лишь спустя семь лет, после долгих скитаний по издательствам никому не известной переводчице удалось напечатать роман «Гарри Поттер и Философский камень» тиражом в 1000 экземпляров. С тех пор книги о мальчике, который выжил, вошли в число самых продаваемых в истории. Эта книга о том, как обычная переводчица из Глоттершира, написав несколько книг, смогла изменить этот мир к лучшему.",0.0,0
219,Myths and Symbols in J.K. Rowling ́s Harry Potter and the Philosopher ́s Stone,Volker Geyer,2002,23,Literary Criticism,"Seminar paper from the year 2001 in the subject English Language and Literature Studies - Literature, grade: very good, University of Erfurt (Anglistics/ American Studies), language: English, abstract: 1. Introduction It’s beyond doubt that J.K. Rowling’s Harry Potter books are one of the biggest surprise and success in literature history. They influenced the youths’ reading habits in a never known way. What is this great success founded on? This question can’t be answered sweepingly. The reasons are many-sided. In my opinion, an important reason is the combination of the youths’ real world with the fantastic and mystic world. The youths find their real experiences at school, with parents, friends and enemies combined with a realm of witchcraft, symbols superhuman skills and dangerous adventures. But a lot of youths know a big part of the mystic world, too. Subconsciously the old fairy tales and legends are waked up again. And so the fascination from childhood days is swinging in the background while reading Harry Potter. The youth find again well-known symbols and myths, e.g. mystic numbers, ghosts, struggle between good and evil, transformation and invisibility, animals like dragons, owls, rats and mystic places like a dark wood, an old hut, secret passageways etc. But they discover or learn about new aspects of the mystic world by reading Harry Potter, e.g. the wish for never ending life, the philosopher’s stone, desire and craving, meaning of unicorn or the search for wisdom. They get new experiences and see some new aspects of their own life. These delicate net of myths and symbols woven in the books make they very exiting for adults, too. Besides some new ideas, there are a lot of traditional symbols and myths with different origins and meanings. In this paper I am describing only the most important symbols and myths. I am going to explain the general meaning from history and the specific meaning in Harry Potter and the Philosopher’s Stone. [...]",0.0,0
220,Names and Their Underlying Mythology in J.K. Rowling's Harry Potter-Novels,Anne-Christin Hirsch,2008,58,Language Arts & Disciplines,"Seminar paper from the year 2008 in the subject English Language and Literature Studies - Literature, grade: 1,3, University of Leipzig (Institut f r Anglistik), course: Harry Potter and The End, 27 entries in the bibliography, language: English, abstract: The Harry Potter series display such a complex set of plots with so many references to history, legend and literature, with so many playfully arranged puns according to the names of characters, creatures, items or places that one cannot easily decide where to begin with an examination that may befit the extent of a seminar paper. The finally chosen scope of this paper refers to my general interest in mythology and legend as well as to Rowling's admiring aptitude to equip her characters from an extraordinary variety of backgrounds. Names are the most obvious means of depicting literary characters and their intended personalities. Yet, considering the multiplicity of those characters in the ever further developed seven novels, further specification appears to be necessary to meet the demands of this paper. Therefore, its focus is limited to character names and in that to several selected characters only, whose names demonstrate mythological background most efficiently. To that effect, I am not exclusively following a selective principle regarding the characters' significance in the books. Surely enough, there are several major characters bearing names grounded on mythology, yet Rowling placed so many according hints and links on minor characters and on figures not even acting in the story(ies) themselves that it would seem a squandering of her labour to concentrate on particular 'significant' characters only. ...]",0.0,0
221,J.K. Rowling,Mary Hill,2003,32,Juvenile Nonfiction,"Photographs and simple text introduce J.K. Rowling, author of the best-selling Harry Potter novels.",0.0,0
222,Rowling,John Henderson,1981,226,New Zealand,,0.0,0
223,J.K. Rowling,Ann Gaines,2004,36,Juvenile Nonfiction,"Joanne Kathleen Rowling (a.k.a. J. K. Rowling) had always wanted to be a writer. In fact, she never knew what else she wanted to do with her life. She wandered from job to job before she thought up Harry Potter and the Hogwarts School of Witchcraft and Wizardry. She was ecstatic when Bloomsbury Press offered to publish her book for a few thousand dollars. But the success of the book, Harry Potter and the Sorcerer's Stone, took everyone by surprise. Since then she has gone on to publish six more books in the series and they have all been made into major motion pictures. Faced with almost overnight fame and fortune, Jo (as she likes to be called ) still stays grounded. She readily admits that the most important thing to her is spending time with her husband and raising their children. Interest Level: Grades 4-8 Reading Level: Grades 4-5 32 Pages 6"" X 9"" Full-color laminated covers Side-sewn, reinforced library binding Full-color photos throughout Chronology Further reading Works consulted Discography or Filmography as applicable.",0.0,0
224,J.K. Rowling,Bradley Steffens,2002,116,Juvenile Nonfiction,"Lucent's contemporary biography series profiles the lives and careers of some of today's most prominent newsmakers. Whether covering contributions and achievements or notorious deeds, books in this series examine why these well-known personages garnered public attention.",3.0,1
225,The J.K. Rowling Encyclopedia,Connie Ann Kirk,2006,432,Literary Criticism,Hundreds of alphabetically arranged entries provide detailed information about J. K. Rowling and the fascinating and immensely popular world of Harry Potter.,0.0,0
226,Harry Potter and the Sorcerer's Stone by J.K. Rowling,Lori Mammen,2000,38,Education,"Novel units provide teachers with new ways to teach reading, writing, and the love of literature.",0.0,0
227,J.K. Rowling,Sean Smith,2002,324,Biography & Autobiography,"J.K. Rowling's meteoric rise to worldwide superstardom and bestseller status is now the stuff of tabloid legend -- how she would spend hours in a café in Edinburgh, nursing a single coffee and a glass of water while she wrote the Harry Potter novel that would bring her fame and fortune. Creator of the most famous and best-loved character in contemporary fiction, J.K. Rowling is also the author of her own escape from a depressing existence on the verge of destitution. Sean Smith traces the life story of this phenomenal woman who has brought joy and inspiration to millions of readers around the world. And in a book based on exhaustive interviews with many of the people from her past and her present, Smith also traces the origins of the books that are worldwide bestsellers.",0.0,0
228,Who Is J.K. Rowling?,Pam Pollack,2012,114,Juvenile Nonfiction,"Everyone loves Harry Potter. Now kids can learn about Harry's creator! In 1995, on a four-hour-delayed train from Manchester to London, J. K. Rowling conceived of the idea of a boy wizard named Harry Potter. Upon arriving in London, she began immediately writing the first book in the saga. Rowling's true-life, rags-to-riches story is as compelling as the world of Hogwarts that she created. This biography details not only Rowling's life and her love of literature but the story behind the creation of a modern classic.",4.5,2
229,Сборник «3 бестселлера. Юмористическое фэнтези»,Светлана Багдерина,2022,862,Fiction,"В сборник вошли книги: «Здравствуйте, я ваша фея, или Счастье по вызову» Светланы Багдериной, «Девочка и эльфы» Владимира Журавлева, «Дурнушка Хана» Стэллы Соколовой. Серия «3 бестселлера» – это уникальные сборники популярных книг современных авторов. Серия представлена жанрами любовного фэнтези, современного и исторического любовных романов, любовной фантастики. Мы собрали самые увлекательные истории о попаданках, романтических путешествиях в космосе, любовных треугольниках и еще многие другие сюжеты, способные заинтриговать и взбудоражить воображение любого, даже самого прихотливого читателя.",0.0,0
230,Fang-tastic Fiction,Patricia O'Brien Mathews,2011,274,Language Arts & Disciplines,"Mathews uses a limited definition of paranormal, and examines works set, for the most part, in a relatively realistic modern world inhabited by both humans and paranormal beings.",5.0,1
231,The Magazine of Fantasy and Science Fiction,Anthony Boucher,1992,504,Fantasy fiction,,0.0,0
232,Science Fiction and Fantasy,Library of Congress. National Library Service for the Blind and Physically Handicapped,1994,148,Reference,,0.0,0
233,Bestsellers,Clive Bloom,2008,456,Fiction,This essential guide and reference work provides a unique insight into over 100 years of publishing and reading as well as taking us on a journey into the heart of the British imagination.,0.0,0
234,The Science Fiction Source Book,David Wingrove,1984,330,Literary Criticism,"""The science fiction source book"" is packed with information about writers, novels, short stories, magazines and works of criticism.",0.0,0
235,Burn the Night,Jocelynn Drake,2011,436,Fiction,"“A must-read addition to the urban fantasy genre.” —Kim Harrison “Drake has composed a love letter to the vampire genre.” —Vicki Pettersson “Jocelynn Drake will have you coming back for more.” —Jeaniene Frost New York Times bestselling author Jocelynn Drake brings her remarkable Dark Days series to a stunning and dramatic conclusion with Burn the Night—a thrilling, page-turning masterwork of urban fantasy that brings the powerful Nightwalker Mira and her cohort, the conflicted vampire slayer Danaus, face to face with their most feared demons as the dreaded Great Awakening approaches. Burn the Night offers superior supernatural thrills and adventure in the bestselling tradition of Patricia Briggs, Carrie Vaughn, and Kelley Armstrong.",0.0,0
236,"Science Fiction and Fantasy Literature, 1975-1991",R. Reginald,1992,1538,Literary Criticism,"Science fiction constitutes one of the largest and most widely read genres in literature, and this reference provides bibliographical data on some 20,000 science fiction, fantasy, and horror fiction books, as well as nonfiction monographs about the literature. A companion to Reginald's Science Fiction and Fantasy Literature, 1700-1974 (Gale, 1979), the present volume is alphabetically arranged by approximately 10,000 author names. The entry for each individual work includes title, publisher, date and place published, number of pages, hardbound or paperback format, and type of book (novel, anthology, etc.). Where appropriate, entries also provide translation notes, series information, pseudonyms, and remarks on special features (such as celebrity introductions). Includes indexes of titles, series, awards, and ""doubles"" (for locating volumes containing two novels). Annotation copyright by Book News, Inc., Portland, OR.",0.0,0
237,"Science Fiction and Fantasy Reference Index, 1985-1991",Halbert W. Hall,1993,714,Literary Criticism,,0.0,0
238,Bestsellers: Popular Fiction Since 1900,Clive Bloom,2022,468,Fiction,"This book charts the publishing industry and bestselling fiction from 1900, featuring a comprehensive list of all bestselling fiction titles in the UK. This third edition includes a new introduction which features additional information on current trends in reading including the rise of Black, Asian and LGBTQIA+ publishing; the continuing importance of certain genres and up to date trends in publishing, bookselling, library borrowing and literacy. There are sections on writing for children, on the importance of audiobooks and book clubs, self- published bestsellers as well as many new entries to the present day including bestselling authors such as David Walliams, Peter James, George R R Martin and far less well known authors whose books s sell in their thousands. This is the essential guide to best-selling books, authors, genres, publishing and bookselling since 1900, providing a unique insight into more than a century of entertainment, and opening a window into the reading habits and social life of the British from the death of Queen Victoria to the Coronavirus Pandemic.",0.0,0
239,Science Fiction and Anticipation,Bernard Montoneri,2022,263,Literary Criticism,"Science Fiction and Anticipation: Utopias, Dystopias and Time Travel presents ten chapters discussing themes related to time travel, utopias, and dystopias in science fiction novels published in America and Europe between the 18th and 20th century. These themes include social progress, freedom and human rights, technological advances, and the issues of ethics, racism, sexism, censorship, and slavery. The contributors analyze novels such as The Year 2440 published in 1771, Paris in the Twentieth Century written by Jules Verne, Blake; or, The Huts of America by Martin Robinson Delany, The Amphibian Man by Alexander Belyaev, Heart of a Dog by Mikhail Bulgakov, Ashes, Ashes by René Barjavel, The Machine Stops by E. M. Forster, Morel’s Invention by Adolfo Bioy Casares, and writers of Spanish, Argentinian, English, and French fictions such as George Orwell, Eduardo Ladislao Holmberg and Leopoldo Antonio Lugones Argüello. This book notably presents their sources and influence, the accuracy of their predictions, and their relevance in our very unstable world.",0.0,0
240,Увлечь за 100 слов. С чего начинается бестселлер?,Луиза Уиллдер,2024,424,Education,"«Увлечь за 100 слов» – настоящий подарок людям, которые одержимы книгами и любят слова. Это находка для писателей, блогеров, рекламщиков – всех тех, кто имеет дело с текстами.Луиза Уиллдер двадцать пять лет проработала копирайтером в британском издательстве Penguin Books. За это время она, по собственным подсчетам, написала около пяти тысяч блербов (рекламных текстов для книжных обложек). В своем искрометном исследовании она делится секретами их создания и рассказывает, как выразить мысль в нескольких словах, а главное – как сделать так, чтобы читатель, единожды посмотрев на книгу, не захотел ее выпускать из рук. А еще она расследует распри между авторами, выявляет писательские уловки, обсуждает названия романов и учит, как преодолевать трудности чтения классической литературы.В формате PDF A4 сохранён издательский дизайн.",0.0,0
241,The Ultimate Guide to Writing a Bestselling Novel: Step by Step,D Gauthier,0,54,Business & Economics,"Transform your writing dreams into reality. Grab your copy of ""The Ultimate Guide to Writing a Bestselling Novel: Step by Step"" today and start your journey to becoming a bestselling author! Unlock your potential as an author with ""The Ultimate Guide to Writing a Bestselling Novel: Step by Step."" This comprehensive guide takes you on a journey from the spark of an idea to the final draft of your manuscript. Whether you're a seasoned writer or a beginner, this book offers practical advice, expert tips, and detailed strategies to help you craft a compelling story that resonates with readers. Learn how to develop memorable characters, create intricate plots, and use language effectively to engage your audience. With real-life examples and exercises, this guide provides everything you need to turn your novel into a bestseller.",0.0,0
242,Gene Wolfe,Joan Gordon,1986,126,Literary Criticism,An annotated bibliography and criticism on Wolfe's science fiction and non-fiction writing.,0.0,0
243,Science Fiction Dialogues,Science Fiction Research Association,1982,244,Fiction,,0.0,0
244,Talking Books Adult,Library of Congress. National Library Service for the Blind and Physically Handicapped,1986,212,Talking books,,0.0,0
245,Science Fiction Writer's Marketplace and Sourcebook,David Borcherding,1994,508,Reference,"Combining how-to-write instruction with where-to-sell direction, this comprehensive guide is invaluable for science fiction and fantasy writers. Includes samples with editor's critiques and advice from established authors, more than 100 detailed market listings for magazines, dozens of listings for publishing houses, and information on related organizations, on-line services, and more.",0.0,0
246,Genreflecting,Betty Rosenberg,1986,336,Fiction,,0.0,0
247,BiblioAsia,National Library (Singapore),2016,554,National libraries,,0.0,0
248,They All Laughed at Christopher Columbus,Elizabeth Weil,2002,246,Biography & Autobiography,"Profiles the career of Gary Hudson and his creation of Rotary Rocket, a company formed to design and construct the Rotan, a revolutionary, single-stage-to-orbit, fully reusable rocket designed to send humans into space.",0.0,0
249,Bestseller,Robert McParland,2018,335,Literary Criticism,"Whether curled up on a sofa with a good mystery, lounging by the pool with a steamy romance, or brooding over a classic novel, Americans love to read. Despite the distractions of modern living, nothing quite satisfies many individuals more than a really good book. And regardless of how one accesses that book—through a tablet, a smart phone, or a good, old-fashioned hardcover—those choices have been tallied for decades. In Bestseller: A Century of America’s Favorite Books, Robert McParland looks at the reading tastes of a nation—from the beginning of the twentieth century to the present day. Through extensive research, McParland provides context for the literature that appealed to the masses, from low-brow potboilers like Forever Amber to Pulitzer-Prize winners such as To Kill a Mockingbird. Decade by decade, McParland discusses the books that resonated with the American public and shows how current events and popular culture shaped the reading habits of millions. Profiles of authors with frequent appearances—from Ernest Hemingway to Danielle Steel—are included, along with standout titles that readers return to year after year. A snapshot of America and its love of reading through the decades, this volume informs and entertains while also providing a handy reference of the country’s most popular books. For those wanting to learn more about the history of American culture through its reading habits, Bestseller: A Century of America’s Favorite Books is a must-read.",0.0,0
250,The Butterfly Collector,Tea Cooper,2022,300,Fiction,"What connects a botanical illustration of a butterfly with a missing baby and an enigma fifty years in the making? A twisty historical mystery from a bestselling Australian author. 1868 Morpeth Theodora Breckenridge, still in mourning after the loss of her parents and brother at sea, is more interested in working quietly on her art at the family's country estate than she is finding a husband in Sydney society, even if her elder sister Florence has other ideas. Theodora seeks to emulate prestigious nature illustrators, the Scott sisters, who lived nearby, so she cannot believe her luck when she discovers a butterfly never before sighted in Australia. With the help of Clarrie, her maid, and her beautiful illustrations, she is poised to make a natural science discovery that will put her name on the map. Then Clarrie's new-born son goes missing and everything changes. 1922 Sydney When would-be correspondent Verity Binks is sent an anonymous parcel containing a spectacular butterfly costume and an invitation to the Sydney Artists Masquerade Ball on the same day she loses her job at The Arrow, she is both baffled and determined to go. Her late grandfather Sid, an esteemed newspaperman, would expect no less of her. At the ball, she lands a juicy commission to write the history of the Treadwell Foundation - an institution that supports disgraced young women and their babies. But as she begins to dig, her investigation quickly leads her to an increasingly dark and complex mystery, a mystery fifty years in the making. Can she solve it? And will anyone believe her if she does?",5.0,1
251,Making the Detective Story American,J.K. Van Dover,2010,232,Literary Criticism,"This critical text examines the fiction of Earl Derr Biggers, S. S. Van Dine, and Dashiell Hammett during a crucial half-decade when they transformed the detective story. The characters they created, including Charlie Chan, Philo Vance, and the Continental Op, represented a new style of detective solving crimes in fresh ways. Their successes would push crime and detective fiction in startling and rejuvenating directions. Topics covered include the highbrow detective, the ethnic detective, the exploitation of contemporary sensations, and the exploitation of women. Instructors considering this book for use in a course may request an examination copy here.",0.0,0
252,2001 Novel and Short Story Writer's Market,Barbara Kuroff,2001,698,Language Arts & Disciplines,"Listing markets, agents, publishers, and more, this comprehensive guide is an author's best reference. ""One of the best guides to fiction writer's markets available"".--""American Reference Book Annual"".",5.0,1
253,The Virgin's Secret,Victoria Alexander,2009,389,Fiction,"Even the least sensible woman knew, upon meeting his gaze, that here was a man who was more than he might at first appear, who might steal the heart of even the most resistant woman. But oh, what a lovely theft! Adventurer Nathanial Harrington would never steal another man's discovery. And he'd never be so dishonorable as to tempt an untouched woman into his bed . . . even one as stunningly beautiful as Gabriella Montini. Yet she intrigues him. What is her secret? Nate would do anything to find out. Nathanial is an earl's son—but Gabriella knows he's not to be trusted! He's more than just a mere thief of hearts, he's also stolen her brother's good name. Determined to restore his reputation, she'd even masquerade as a destitute orphan and be taken into his family's home. But how can she continue her ruse when she finds herself succumbing to Nathanial's passionate charms?",0.0,0
254,Dead Case in Deadwood,Ann Charles,2014,386,Fiction,"“Nothing good ever happens at the butt-crack of dawn. No doubt, the headless corpse on the autopsy table in front of me would agree.”—Violet Parker Real estate agent, Violet “Spooky” Parker stumbles upon a body-part theft ring at the local funeral parlor and suspects her caustic coworker has a hand in it—or maybe a foot. Can Violet discover what’s in the crates the crooks are sneaking out of the mortuary in the dark of night? Or will she end up in one of them herself … in pieces?",0.0,0
255,"$106,000 Blood Money",Dashiell Hammett,1927,268,Continental Op (Fictitious character),,0.0,0
256,Silhouette in Scarlet,Elizabeth Peters,2009,288,Fiction,"One perfect red rose, a one-way ticket to Stockholm, and a cryptic ""message"" consisting of two Latin words intrigue art historian Vicky Bliss—as they were precisely intended to do.Beautiful, brilliant and, as always, dangerously inquisitive, Vicky recognizes the handiwork of her former lover, the daring jewel thief John Smythe. So she takes the bait, eagerly following Smythe's lead in the hope of finding a lost treasure. But the trail begins at a priceless fifth century chalice which will place Vicky at the mercy of a gang of ruthless criminals who have their eyes on an even more valuable prize. And the hunt threatens to turn deadly on a remote island, where a captive Vicky Bliss must lead an excavation into the distant past—and where digging too deep for the truth could dig her own grave.",0.0,0
257,Dashiell Hammett,Julian Symons,1985,200,Biography & Autobiography,,0.0,0
258,The Laughter of Dead Kings,Elizabeth Peters,2009,403,Fiction,"“A royal treat….Welcome back, Vicky Bliss!...For readers new to Vicky’s sassy and distinctively smart stories, The Laughter of Dead Kings will mark the start of a beautiful friendship.” —Tampa Tribune New York Times bestselling Grand Master Elizabeth Peters—author of the thrilling fictional exploits of archaeologist Amelia Peabody in the Land of the Pharaohs—brings back beautiful, brainy art expert and sometime sleuth Vicky Bliss for one last adventure in The Laughter of Dead Kings. The incomparable Peters sends Vicky and her colorful entourage racing across modern-day Egypt to investigate the brazen theft of one the ancient desert land’s most priceless treasures. Smart, funny, evocative, and suspenseful, The Laughter of Dead Kings is a fond and fitting farewell to the ever-delightful Vicky…and a superior mystery fit for a King Tutankhamen.",5.0,1
259,Последний бестселлер Мореля. Коллект-триллер. Вторая книга,Влад Ревзин,2019,209,Fiction,"Во второй книге серии снова появляются две дамы со странным влечением к разгадыванию криминальных загадок и риску собственными шкурами без шансов на профит.Здесь опять все начинается в Одессе, а потом действие с шумом и нарушениями общественного порядка вламывается в Марсель. В водоворот расследования втягивается скандальный репортер, парочка комиссаров французской полиции, члены местной организованной преступности, психиатрТриггер истории – бамбуковая палочка, упомянутая в первой книге серии.",0.0,0
260,Bestsellers,Ivan King,2017,32,Comics & Graphic Novels,"Hear What the Critics are Saying Wow, very inspirational and powerful; everyone must read this book. Hell: A Place Without Hope, is by far one of the best Christian books to have come out in the last decade. A Must Read.” -Mary Jones – Valley Daily News “I give this book Five Stars All The Way! This book makes my list as one of the top reads in the Christian genre. Anyone of Faith will enjoy this book very much.” -Theresa Davis – Elite Media Group “Hell: A Place Without Hope a very powerful and thought provoking book. Every generation, young and old, should have to read this book. Ten Thumbs Up.” -Dave Baker – Book Bloggers of America “This was an excellent book; it was short, I ended up reading it in less than two hours; however, it has a very strong and positive message. Amazing Book!” -Lisa Cooper – Literary Times Inc. “This was a very powerful book; very solid message about the dangers of not giving your life to Christ. Highly Recommend.” -Emma Right – Writers United Group “I fell to my knees at the end and cried. This book reminded me why I became a born-again Christian. Powerful Message.” -Carl Mosner – Readers Cove Unlimited Editorial Review Hell: A Place Without Hope is a very spiritual and powerful book. Its messages are time tested and true. This book really made me think; but more importantly, it made me feel. If you are looking for a book that will move you to tears, then look no further than Hell: A Place Without Hope; a masterful book that will not only inspire you to become a better person, but will also teach you some of life’s greatest lessons. Inspirational Book! David T. Williams About the Book A young man spends a day in hell and comes back to tell us the story. Hell: A Place Without Hope, is a powerful book that sends a strong message. Every generation of young people should have to read this wonderful Christian book. This book is based on Real Life Experience, which I derived from a vision I had in the year 2005. (bestseller books, bestseller books free, bestsellers, free bestsellers, bestsellers for women, bestsellers for men) [bestsellers]",0.0,0
261,"The Wolf at the Door (Sean Dillon Series, Book 17)",Jack Higgins,2009,16,Fiction,Dillon and company are back in the ultimate blockbuster from the legend that is Jack Higgins...,0.0,0
262,"The Judas Gate (Sean Dillon Series, Book 18)",Jack Higgins,2010,14,Fiction,"Treachery has a price, in the mesmerizing Sean Dillon thriller from the Sunday Times-bestselling author.",1.0,1
263,"A Darker Place (Sean Dillon Series, Book 16)",Jack Higgins,2009,12,Fiction,Dillon and company are back in the ultimate blockbuster from the ‘legend’ that is Jack Higgins,0.0,0
264,The Khufra Run,Jack Higgins,2009,18,Fiction,Classic Jack Higgins for the new generation,0.0,0
265,"The Killing Ground (Sean Dillon Series, Book 14)",Jack Higgins,2008,12,Fiction,"Jack Higgins, the undisputed master of action and suspense is back with a brand new adventure featuring the unstoppable Sean Dillon.",0.0,0
266,Прокурорскій надзор в его устройстве и дѣятельности,Nikolaĭ Valerʹi︠a︡novich Muravʹev,1889,578,Public prosecutors,,0.0,0
267,What Do I Read Next? Volume 2 2003,Gale Group,2004,714,Language Arts & Disciplines,"This volume contains descriptions of 1,245 books in nine fiction genres, including author or editor's name, publication information, story type, major characters, setting, plot summary, and more.",0.0,0
268,"Sean Dillon 3-Book Collection 2: Angel of Death, Drink With the Devil, The President’s Daughter",Jack Higgins,2013,572,Fiction,"Three more deadly missions for Sean Dillon: assassin, terrorist, hero; available together for the first time in this bundle from master storyteller, Jack Higgins.",0.0,0
269,Wschód-Zachód,Zoja Nowoj̇enowa,2004,378,Comparative literature,,0.0,0
270,Anglizismen-Wörterbuch,Broder Carstensen,1993,798,Foreign Language Study,"Keine ausführliche Beschreibung für ""P - Z"" verfügbar.",0.0,0
271,"Новые параллельные словари языков русскаго, французскаго нѣмецкаго и англійскаго в четырех частях, по словарям Россійской академіи, Французской академіи, Аделунга, Гейнзіуса, Джонсона, Спирса, и по другим лексиконам",Ch. Ph Reiff,1875,932,Russian language,,0.0,0
272,Про любовь... Серия «Бестселлер МГО СПР»,С. Ковалёв,2021,719,Poetry,"«ПРО ЛЮБОВЬ...» – сборник текстов современных песен и романсов для молодёжи, взрослых и детей различных жанров, стилей и всесторонней тематики: народные, военно-патриотические, казацкие, цыганские, философские, детские, шуточные; а также многожанровые романсы: офицерские, городские, бытовые и другие... Книга представляет интерес для композиторов, музыкальных продюсеров, вокалистов, бардов и всех любителей песенного творчества.",0.0,0
273,My Favorite Witch,Annette Blair,2019,327,Fiction,"He swore off women, she swore off men… Jason Pickering Goddard’s career as a playboy hockey star comes to a dramatic halt when he tragically damages his legs in a car accident. Swearing off women, he decides to stand in as Director of Special Events at the Pickering Foundation in the interim—knowing his celebrity status will greatly help the foundation’s foster home for boys. While neither expected this kind of magic. A sexy witch cursed by a cheating ex-fiancé, Kira Fitzgerald has closed the book on men. However, a new Chapter in her life opens when she becomes Jason’s coordinator. The clash of their strong personalities ignites Jason’s competitive streak and sparks an inner fire that threatens to melt the ice around his heart—a slow warm-up that weakens Kira’s own defenses, without a spell strong enough to save her...",0.0,0
274,Dollar Series,Pepper Winters,0,457,Fiction,"6 X USA Today Bestseller #1 Bestseller in numerous Romance Categories Ready to binge read now! For the first time since its release, the entire USA Today Bestselling Dollar Series, is available in two boxed set editions! Volume One ""I'm not the hero in this story, girl. You'd do best to remember that.” Included in this boxed set: Pennies Once upon a time, I was an eighteen-year-old psychology student. Now, I’m a man’s property. Stolen and sold, I’ve been decorated in bruises since the day my world changed two years ago. I suffer in silence, I crave freedom, but I never break. I can’t. Until he arrives. Elder Prest, the only man to look at me and see me. The only man more ruthless than my owner. Dollars Once upon a time, I was a mute captive who wished for death. Now, I’m stowed away on a yacht. Saved and taken, the thief who stole me demands my voice, my past, my everything. I won’t give in. But Elder refuses to take no for an answer. He pushes and cajoles, slowly discovering who I am. Until I find out he plays the cello to escape his demons, all while his music conjures mine. ★★★★★ 5 Stars Holy Hell, I cannot begin to process all that has just happened in this crazy, dark, compelling story. I now truly know why people call Pepper Winters the queen of Dark Romance. --Danielle Goodreads ★★★★★ 5 Stars If you love dark romance, then this book is a MUST READ! --BexLOVESbooks ★★★★★ 5 Stars WOW WOW WOW Just absolutely amazing!!!! A word of warning: do not start reading this book unless you can dedicate you entire day (or two) to finishing it. You will not want to put this book down!!! --Heather Goodreads ★★★★★ 5 Stars Brutally dark...completely intense...morbidly wrong...beyond twisted...utterly amazing!--Nerdy, Dirty & Flirty ★★★★★ 5 Stars I was literally on the edge of my seat. My emotions have never been so high, my heart never beat so fast. --DD's Book Room",0.0,0
275,Goddess Isles,Pepper Winters,0,760,Fiction,"5 X USA Today Bestseller #1 Bestseller in numerous Romance Categories Ready to binge read now! For the first time since its release, the entire USA Today Bestselling Goddess Isles Series, is available in two boxed set editions! Sullivan Sinclair is the giver of fantasies. Any wish, any desire--he is the master at quenching any appetite. His private paradise and perfectly trained goddesses are there for one purpose: to ensure every guest is extremely well satisfied. Volume Two Included in this Boxed Set: Fourth a Lie A fledgling connection. A war they can’t stop. A future that doesn’t bow to fate. Fifth a Fury A fated romance.A fight that will finish in tears.The age-old battle of good versus evil. Sully's Fantasy A monster and a goddess who have a special power to escape.A fantasy that Sully dares to share.A visit to Euphoria like no other. Jinx's Fantasy Eleanor granted Sully’s ultimate fantasy. Now, it’s Sully’s turn to grant hers. ★★★★★“Hand on heart this series/this book is the bomb. The Goddess Isles series is my favourite series of 2020. Get ready to fall in love even more.” Kitty Kats Crazy about Books ★★★★★“The Goddess Isles series is my favourite series of this year.” Yours Truly, Diana, The Evil Witch ★★★★★“To Dark Romance lover, IT'S A MUST READ SERIES, HIGHLY RECOMMENDED.” Books Lover",0.0,0
276,The Kitchen Witch,Annette Blair,2018,330,Fiction,"Is she a good witch or a bad witch? With a flip of her long silky hair, a flash of her topaz eyes and the shake of a stick, rumored witch Melody Seabright has cast a spell on single dad Logan Kilgarven. What else can explain what’s happening to him? Logan, a television producer can’t seem to concentrate on anything since he met his enchanting new downstairs neighbor... Logan hopes she is bad, very bad. When Logan agrees to help Melody find a job at his TV station, he never expects the culinary-challenged siren to land her own cooking show. Her charisma keeps things bubbling on the set, and behind the scenes, things are starting to steam up between them. Logan knows he can’t resist her charms—but is there more to their attraction than is apparent on the surface? If only he had a crystal ball to show him...",0.0,0
277,Fake Love,Nova Gibson,2023,202,Family & Relationships,"Clear, concise and empowering self-help about navigating and healing from narcissistic abuse by Australia's go-to specialist counsellor The love of a narcissist is fake. It's a soul-destroying realisation for every victim of narcissistic abuse, but even more damaging is finding yourself trapped and abused by the person who claims they love you. Nova Gibson has helped thousands of people in their struggle to understand, extricate themselves and heal from toxic relationships and narcissistic abuse. Drawing on the expertise gained from a decade of working with clients and her global online community, Nova offers comfort, knowledge and powerful strategies to help you identify, navigate and survive this extremely covert, confusing - and dangerous - form of abuse. In this life-changing book, Nova brings unparalleled insight into the lived experience of victims and helps identify the behaviours of narcissistic abusers, such as coercive control and gaslighting, pathological lying, the love bomb-devalue-discard cycle, hoovering, smear campaigns and many, many more. She also helps you understand covert and overt narcissism, and explores in depth the concept of trauma bonding, which creates a powerful connection with your abuser and explains why and how you're compelled to stay, even when the abuse is impossible to ignore. In this deeply compassionate book, Nova offers hope, support and concise, practical strategies to break the toxic cycle, extricate and protect yourself ... and most importantly, heal.",0.0,0
278,Fable of Happiness,Pepper Winters,2021,460,Fiction,"From New York Times Bestseller, Pepper Winters, comes the third and final book in Kas and Gem’s fated romance. A stranger full of rage. A battle that has no victors. A decision that has to be made. And a future that has to be fought for. Scarred and learning how to live again, Kas might never be free of his darkness. A life full of triggers is no life at all. But a love full of pain can only grant heartache. Gem made the decision to stay, but at what cost? Kas made the choice to claim her, but will he ever be worthy? To love is the simplest choice. But healing is the hardest struggle of all.",0.0,0
279,Corporate Cowboy (Mills & Boon American Romance),Pamela Bauer,2014,250,Fiction,"What Austin Bennett needed was a good swift kick! The arrogant CEO had been driving feisty filly Kacy Judd crazy with his excessive demands, blatant disregard of procedures and toe-curling kisses. Someone needed to bring the corporate executive down a peg–and Kacy was just the gal for the job!",0.0,0
280,The Regency Bestsellers Collection: The Governess Game / Mistress at Midnight / Scars of Betrayal / Rake Most Likely to Rebel / Rake Most Likely to Thrill / The Designs of Lord Randolph Cavanaugh,Tessa Dare,2018,1131,Fiction,Be whisked away by four of your favourite Regency authors!,0.0,0
281,"A Love Beyond Words (Bestselling Author Collection, Book 13) (Mills & Boon Cherish)",Sherryl Woods,2011,311,Fiction,Rescuing Allie Matthews from the rubble of her home should have been all in a day's work for Ricky Wilder.,0.0,0
282,Bestseller,Claud Cockburn,1972,208,Literary Criticism,"The heros, clean cut and upper-class, the heroines melting and for the most part pure.",0.0,0
283,Driving Me Crazy,Peggy Webb,2014,253,Fiction,Because there are no speed limits in life,0.0,0
284,The Grand Finale,Janet Evanovich,2009,278,Fiction,"From the #1 New York Times bestselling author comes a revised, repackaged novel sure to please her many fans. She writes ""high speed comic mayhem"" (Detroit Free Press); she's ""a blast of fresh air"" (Washington Post); ""side-splitting funny"" (Publishers Weekly) and ""a winner"" (Glamour). In other words, she's Janet Evanovich. Berry Knudson had a talent for disaster, but when she climbed a tree to rescue a kitten, she wasn't prepared for the scrumptious hunk undressing in a nearby window, or her dive downward that smashed Jake Sawyer's pizza and won his heart! But was there room in her chaotic schedule for a risk-taking inventor with dreams? She took classes, delivered pizzas, and cared for three eccentric old ladies she rescued from the train station. But Jake thrived on a challenge, and he could be very inventive. Could he teach her there was time to make butterscotch pudding and let herself be loved?",4.0,2
285,The Scandalous Secrets Collection,Andrea Laurence,2021,3167,Fiction,The Scandalous Secrets Collection from Mills & Boon,0.0,0
286,The Children's Doctor and the Single Mum (Mills & Boon Medical),Lilian Darcy,2008,167,Fiction,"Enter into the world of high-flying Doctors as they navigate the pressures of modern medicine and find escape, passion, comfort and love – in each other’s arms! The doctor takes a family!",0.0,0
287,Foul Play,Janet Evanovich,2009,260,Fiction,"When Amy Klasse loses her TV job to a dancing chicken, handsome veterinarian Jake Elliott rescues her with an offer to be his receptionist. Jake just can't resist a damsel in distress, and Amy certainly doesn't mind Jake's charming sincerity. Then suddenly the job-stealing chicken disappears and Amy is suspected of foul play. Amy and Jake search for clues to prove her innocence. But will Jake be able to prove to Amy that love, too, is a mystery worth solving?",5.0,1
288,Flying Lessons,Peggy Webb,2014,240,Fiction,"If this is Beth Holt Martin's life, she wants a refund. It's true. At fifty-three, all Beth's got is a sex-starved marriage to Howard the psychiatrist, an (almost) empty nest and a suitcase full of long-forgotten dreams of becoming...well, something more.",0.0,0
289,Where the Heart Leads,Stephanie Laurens,2009,498,Fiction,"New York Times bestselling author Stephanie Laurens knows the world of Regency London . . . especially the exclusive enclave of luxury in which the aristocracy lived in wealth and comfort. But outside that glittering circle lay another world . . . and Laurens pulls back the curtain that has hidden it from us—until now. Penelope Ashford, Portia Cynster's younger sister, has grown up with every advantage—wealth, position, and beauty. Yet Penelope is anything but a pretty face in a satin gown—forceful, willful, and blunt to a fault, she has for years devoted her considerable energy and intelligence to caring for the forgotten orphans of London's sooty and seamier streets. But now her charges are mysteriously disappearing. Desperate, Penelope turns to the one man she knows who might help her—Barnaby Adair. Handsome scion of a noble house, Adair has made a name for himself in certain circles where his powers of observation and deduction have seen him solve several serious and unsavory crimes within the ton. His pedigree, relentless intelligence, and discretion make him a deadly avenger in an elegant guise. Despite his skills—or perhaps because of them—he makes Penelope distinctly uncomfortable, but the stakes are too grave. Throwing caution to the wind, defying every rule for unmarried ladies, she appears on his doorstep late one night determined to recruit his talents. Barnaby is intrigued—both by her problem and her. Her bold beauty and undeniable brains make a striking contrast to the usual insipid ton misses. And as he's in dire need of an excuse to avoid said insipid misses, he accepts her challenge, never dreaming she and it will consume his every waking hour. Enlisting the aid of Inspector Basil Stokes of the fledgling Scotland Yard, they infiltrate the streets of London's notorious East End. But as they unravel the mystery of the missing orphans, they uncover a trail leading to the upper echelons of society and a ruthless and clever criminal adept at pulling strings who, becoming aware of them and their efforts, is only too ready to destroy all they hold dear, including their newfound understanding of the intrigues of the human heart.",0.0,0
290,Plotting To Win,Tara Chevrestt,2013,132,Fiction,"Reality TV has made stars of dancers, bachelors and singers. Now authors get a turn. In New York City, seven writers compete for a hundred thousand dollars, a publishing contract with Bright House, and the title of the next bestseller. One is Felicity James. One is Victor Guzman. Drama, plagiarism, and trash talk play out to enthralled audiences across the country as all seven contestants compete against each other in a range of heated challenges, with tensions reaching breaking point. As Felicity and Victor start up a show–mance, their relationship burns up the ratings. Will this sizzling fling escalate into a vicious battle for money and fame, or will these two authors manage to write their own happy ending?",0.0,0
291,Masterclass: Write a Bestseller,Jacq Burns,2014,260,Language Arts & Disciplines,"LEARN HOW TO WRITE A BOOK WHICH STANDS OUT FROM THE CROWD. There is no precise formula for writing a bestseller, but there are secrets, skills and techniques that will dramatically improve your odds of publishing a bestselling novel. Whatever your motivation - whether sick of rejections, getting ready to approach a publisher, or with an idea you think is unbeatable - you need to read this book before you do anything else. It gives you the key insights into what makes a bestseller and explains the trends and conventions of different genres, before helping you get a real handle on the writing (and revising) process. A third of the book is devoted to pitching and selling your novel both to traditional agents and as a self-published author, with incisive and cutting-edge insights into writing for Amazon and becoming an 'authorpreneur'. ABOUT THE SERIES The Teach Yourself Creative Writing series helps aspiring authors tell their story. Covering a range of genres from science fiction and romantic novels, to illustrated children's books and comedy, this series is packed with advice, exercises and tips for unlocking creativity and improving your writing. And because we know how daunting the blank page can be, we set up the Just Write online community at tyjustwrite, for budding authors and successful writers to connect and share.",0.0,0
292,Как написать электронную книгу-бестселлер,Антон Добровольский,2018,883,Education,"Написание книги похоже на марафон, путешествие по миру или другой долгосрочный проект, о котором люди любят поговорить, но при этом немногие серьезно берутся за его исполнение. Вы должны доказать, что знаете, как воплотить свои мечты в реальность, и вас не должны страшить тяжелая работа и борьба, как с обстоятельствами, так и с самим собой. Если вы уверены, что можете написать книгу, то что мешает вам завоевать остальной мир?",0.0,0
293,Литературный талант. Как написать бестселлер,Михаил Ахманов,2014,411,Language Arts & Disciplines,"Талант – незаменимый элемент творчества, требующий огранки опытом. Реально ли стать успешным писателем, не имея практических навыков? Да – если перенять опыт у старшего коллеги по перу Михаила Ахманова, автора более 50 фантастических и научно-популярных книг с суммарным тиражом свыше 2 млн экземпляров. Его книга – откровение профессионала, полное пособие, освещающее литературное дело от психологии творчества до практических приемов, включая выбор жанра, развитие персонажей, сюжет и фабулу, композицию, язык и стиль – на примере шедевров мировой литературы. Отдельно раскрыты секреты издательской кухни, в том числе требования к оригиналу, нюансы авторского права и стандартный договор. Дерзайте: творческий успех – в ваших руках!",0.0,0
294,The Nowhere Child (Free sampler): The bestselling debut psychological thriller you need to read now!,Christian White,2018,47,Fiction,"Finding her is just the start... A dark and gripping debut psychological thriller that won the 2017 Victorian Premier’s Literary Award, previously won by THE DRY and THE ROSIE PROJECT. ‘Nervy, soulful, genuinely surprising’ A. J. Finn, bestselling author THE WOMAN IN THE WINDOW",0.0,0
295,Wither's Legacy,John Passarella,2004,500,Fiction,"In WITHER and WITHER'S RAIN, Elizabeth Wither, the leader of a murderous coven of witches, terrorized the town of Windale with her evil magic. Only the courage and wits of teenage witch Wendy Ward could dispel Wither's wicked curse. After destroying Wither a second time, Wendy thought the ancient evil was defeated. She was wrong. As Elizabeth Wither took her dying breath, she cursed Wendy. In WITHER'S LEGACY, the curse awakens a demon that has one goal: destroy Wendy Ward. Now the young Wiccan must hone her supernatural gifts and, with her friends Kayla and Hannah, defeat Wither's black magic once more. But it won't be easy. Wendy has faced witches before in human form, but her new nemesis is a seven-foot-tall monster with razor-sharp fangs and a taste for human blood. The wendigo won't be satisfied until Wendy is dead.",0.0,0
296,Horror Zone,Ian Conrich,2010,324,Performing Arts,"Leading international writers in horror take horror out into the world beyond cinema screens to explore the interconnections between the films and modern media and entertainment industries, economies and production practices, cultural and political forums, spectators and fans.",0.0,0
297,Transactions on Computational Collective Intelligence III,Ngoc Thanh Nguyen,2011,223,Computers,"These Transactions publish research in computer-based methods of computational collective intelligence (CCI) and their applications in a wide range of fields such as the Semantic Web, social networks and multi-agent systems. TCCI strives to cover new methodological, theoretical and practical aspects of CCI understood as the form of intelligence that emerges from the collaboration and competition of many individuals (artificial and/or natural). The application of multiple computational intelligence technologies such as fuzzy systems, evolutionary computation, neural systems, consensus theory, etc., aims to support human and other collective intelligence and to create new forms of CCI in natural and/or artificial systems. This third issue contains a collection of 10 articles selected from high-quality submissions addressing advances in the foundations and applications of computational collective intelligence.",0.0,0
298,The Mammoth Book of Best New Horror,Stephen Jones,2005,630,"Horror tales, American",,0.0,0
299,"A Century of Horror, 1970-1979",David Drake,1997,354,Fiction,A collection of horror stories from around the world.,0.0,0
300,The Making of a Bestseller,Brian Hill,2005,278,Business & Economics,"For each of the 150,000 books published in 2002, there are dozens that are still hoping to see the light of day. Bowkers estimates less than 1% to successfully climbing the bestseller list. What separates the winners in the battle for bestseller status? Capitalizing on insight gained from interviews with industry experts and authors such as Steve Riggio, Jack Canfield, Spencer Johnson, and more this book takes a comprehensive look at the publishing process from start to finish and, ultimately, what separates a bestselling book from all the other books published each year. Authors and would-be authors all have a curiosity about ""how the other guy does it""- and this book takes it one step farther by describing what goes into making a bestseller. This book is for authors and would-be-authors and individuals in the publishing industry.",0.0,0
301,Braille Books,Library of Congress. National Library Service for the Blind and Physically Handicapped,2007,232,Blind,,0.0,0
302,The Writer's Market,Kathryn Struckel Brogan,2003,1130,Authorship,,0.0,0
303,2002 Writer's Market the Internet Edition,Kirsten Holm,2001,1132,Computers,"Provides writers with online access to up-to-date market information, including contact and submission details, editorial requirements, interviews with successful authors, and guidelines for freelancers.",0.0,0
304,Prizing Children's Literature,Kenneth B. Kidd,2016,263,Literary Criticism,"Children's book awards have mushroomed since the early twentieth-century and especially since the 1960s, when literary prizing became a favored strategy for both commercial promotion and canon-making. There are over 300 awards for English-language titles alone, but despite the profound impact of children’s book awards, scholars have paid relatively little attention to them. This book is the first scholarly volume devoted to the analysis of Anglophone children's book awards in historical and cultural context. With attention to both political and aesthetic concerns, the book offers original and diverse scholarship on prizing practices and their consequences in Australia, Canada, and especially the United States. Contributors offer both case studies of particular awards and analysis of broader trends in literary evaluation and elevation, drawing on theoretical work on canonization and cultural capital. Sections interrogate the complex and often unconscious ideological work of prizing, the ongoing tension between formalist awards and so-called identity-based awards — all the more urgent in light of the ""We Need Diverse Books"" campaign — the ever-morphing forms and parameters of prizing, and scholarly practices of prizing. Among the many awards discussed are the Pura Belpré Medal, the Inky Awards, the Canada Governor General Literary Award, the Printz Award, the Best Animated Feature Oscar, the Phoenix Award, and the John Newbery Medal, giving due attention to prizes for fiction as well as for non-fiction, poetry, and film. This volume will interest scholars in literary and cultural studies, social history, book history, sociology, education, library and information science, and anyone concerned with children's literature.",0.0,0
305,Children's Writers' & Artists' Yearbook 2018,Bloomsbury Publishing,2017,862,Reference,"The annual, bestselling guide to all aspects of the media and how to write and illustrate for children and young adults. Acknowledged by the media industries and authors as the essential guide to how to get published. The 70+ articles are updated and added to each year. Together they provide invaluable guidance on subjects such as series fiction, writing historical or funny books, preparing an illustration portfolio, managing your finances, interpreting publishers' contracts, self-publishing your work. Foreword by Sally Green, author of the award-winning YA fantasy trilogy: Half Bad (2014), Half Wild (2015) and Half Lost (2016). NEW articles for the 2018 edition on: - Writing for reluctant readers by Jon Mayhew - Writing for teenagers by Holly Smale - Choosing the right agent by Gill McLay or the Bath Literary Agency - Plotting: getting started with your YA novel by Sarah Mussi - Writing adventures in the real world: children's non-fiction by Isabel Thomas All of the 2,000 listings of who to contact across the media have been reviewed and updated. The essential guide for any writer for children.",5.0,1
306,The New Literary Middlebrow,B. Driscoll,2014,209,Literary Criticism,"The middlebrow is a dominant cultural force in the twenty-first century. This book defines the new literary middlebrow through eight key features: middle class, feminized, reverential, commercial, emotional, recreational, earnest and mediated. Case studies include Oprah's Book Club, the Man Booker Prize and the Harry Potter phenomenon.",0.0,0
307,"Internet Kids & Family Yellow Pages, 2001 Edition",Jean Amour Polly,2000,559,Computers,"This kid-safe, educational, and fun Internet directory is a time-saving treasure chest of descriptions of more than 3,000 hand-picked Websites.",5.0,4
308,Children's Writer's and Illustrator's Market '98,Alice P. Buening,1998,408,Juvenile Nonfiction,"It's history with the nasty bits left in! Want to know: \* how to be very rude...without anybody knowing? \* some murky Medieval jokes? \* what to say if someone calls you mundungus, hackum or Jabbernowl? Get your revenge with some really wicked words - even English teachers will be speechless!",0.0,0
309,Whistle,Linwood Barclay,2025,474,Fiction,'Terrific' STEPHEN KING,0.0,0
310,Pilbara,Judy Nunn,2025,416,Fiction,"A stunning tale of loyalty and survival from a master storyteller ... In this ancient, harsh place, faint hearts will not last. The Pilbara, late 1800s: Frontier country, the wild west of Australia - a lawless, violent place where treachery is a way of life. Widower Charles Burton arrives in this forbidding corner of the world with his three young children. They've travelled half the globe, from the lush rolling hills and dales of Yorkshire, on a mission to save their family's sheep and cattle property. Rebuilding the fortunes of Burton Station will ask everything of Charles and his children, particularly daughter Victoria, who will at times threaten to bring about their downfall. Here in the oldest landscape on earth, survival has always proved a battle. And when greed takes over, the battle only intensifies. Aboriginal people are robbed of their lands and their very way of life as every new arrival fights for the riches on offer - the grazing territory, the pearls and the gold. Amid all this brutality, the Burtons and their allies must fight to conquer the savagery that surrounds them. From Yorkshire to Cossack in Western Australia, and London to Tahiti in French Polynesia, Pilbara is the tale of a family on a mission to restore the honour of its name.",0.0,0
311,This Is a Call: The Fully Updated and Revised Bestselling Biography of Dave Grohl,Paul Brannigan,2011,420,Biography & Autobiography,‘Someone called and said Kurt died. I just f*****g lost it.’,3.0,2
312,Discover Educational Toys for Children,Hilary Werdel,1998,212,Education,This book supplies all the information you need to find quality educational products for children.,0.0,0
313,Fair Barbarian,Frances Hodgson Burnett,1880,296,Fiction,"Distributed by the University of Nebraska Press for the University of Idaho Press Octavia Bassett, a beautiful young heiress from Bloody Gulch, Nevada, unexpectedly descends upon her aunt in the sleepy village of Slowbridge, England. As a young woman raised haphazardly by her father in the Wild West of the 1870s, she finds their customs unnecessarily fastidious and difficult to understand.",0.0,0
314,The Bear Essentials,Stan Berenstain,2005,146,Juvenile Nonfiction,"Incorporating humor with practical advice and commonsense wisdom, the creators of the Berenstain Bears series offer parents a helpful guide to bringing up healthy, happy, and responsible children in today's complex world, covering everything from self-esteem and foul language to obesity and good eating habits.",0.0,0
315,The Best Seller!,Ron Willingham,1984,196,Business & Economics,,0.0,0
316,Newsmakers Sub Cumulation,Newsmakers,2003,716,Biography,,0.0,0
317,Young Adult Markets,Harrison Stewart,2025,172,Education,"""""Young Adult Markets"""" offers a comprehensive analysis of the rapidly expanding young adult (YA) fiction market, a significant force in both the publishing industry and educational sector. This book explores the remarkable growth of YA fiction, the expanding readership demographic, and the complex market dynamics that shape publishing strategies. The rise of the YA genre reveals a shift in how young people engage with literature, influencing literacy and cultural representation. The book traces the evolution of YA fiction from problem novels to today's diverse landscape, highlighting its undeniable economic power through sales data from educational institutions, publishing houses, and market research firms. The text approaches this topic by introducing core concepts, analyzing growth, readership, and market dynamics, and illustrating practical applications for educators, publishers, and authors. Educators can leverage YA literature to promote literacy, while publishers can better cater to this influential market. Structured in four parts, """"Young Adult Markets"""" provides a holistic view, combining quantitative data with qualitative insights. By bridging the gap between literary analysis and market trends, this book offers a practical guide for anyone interested in understanding the forces shaping the future of reading and publishing, making it invaluable for educators, publishing professionals, and students alike.",0.0,0
318,Sexual Content in Young Adult Literature,Bryan Gillis,2015,195,Juvenile Nonfiction,"Though discussing sexual material in novels aimed at the young adult market may make some individuals blush, the authors of such fiction often seek to represent a very real component in the lives of many teens. Unfortunately, authentic and teen-relatable information on healthy adolescent sexuality is not readily available, and sex education classes have had a minimal effect on positive sexual identity development. Consequently, young adult literature that contains sexual elements can play a critical role in addressing the questions and concerns of teens. In Sexual Content in Young Adult Fiction: Reading between the Sheets, Bryan Gillis and Joanna Simpson examine sexual material in canonical, historical, dystopian, romantic, and realistic contemporary fiction for teens. The authors begin with an exploration of sexual identity development and discuss the constructive influence that realistic representations of teen sexual behavior can have on that development. The authors provide a myriad of texts and examples that will help parents, teachers, and librarians better understand the positive role that sexual content in YA fiction can play in the socio-emotional and academic development of adolescents. The book concludes with an overview and analysis of censorship in the world of young adult fiction. In addition to providing a survey of sexual content in young adult literature, this book can help inspire adults to facilitate effective and responsible discussions about young adult fiction that contains sexual material. Featuring a ""novels cited"" and ""works cited"" bibliography, Sexual Content in Young Adult Fiction is an important resource that parents and educators will find particularly valuable.",0.0,0
319,Save the Cat! Writes a Young Adult Novel,Jessica Brody,2023,433,Language Arts & Disciplines,"An indispensable guide in the bestselling Save the Cat! story structure series that reveals the 15 essential plot points needed to make any young adult novel a success, from an accomplished novelist and the author of Save the Cat! Writes a Novel. In Save the Cat! Writes a Young Adult Novel, prolific author and story coach Jessica Brody presents a comprehensive story structure guide for anyone who wants to write a young adult novel by applying the famed Save the Cat! screenwriting methodology to the world of YA fiction. In this book, you will learn: • The fifteen “beats” (or plot points) that are necessary for crafting a successful story with a compelling character arc—including the Opening Image, Catalyst, Fun and Games, Bad Guys Close In, Dark Night of the Soul, and Finale • The ten universal story genres that will help you drill into what makes your type of story work, including those most commonly found in young adult novels like Rites of Passage, Superhero, Buddy Love, Institutionalized, and Golden Fleece • Quirky, original insights and writing tips like “Save the Cat,” the “Shard of Glass,” and the “Dark Night Epiphany,” that help you craft a story that will thrill and captivate teen readers Filled with practical advice, easy-to-follow templates, and “beat sheets” analyzing the structure of popular young adult novels such as Leigh Bardugo’s Six of Crows, John Green’s The Fault in Our Stars, and Lois Lowry’s The Giver, this book is the ultimate reference for anyone who’s ever dreamed of writing their own young adult bestseller.",0.0,0
320,Critical Foundations in Young Adult Literature,Antero Garcia,2013,156,Education,"Young Adult literature, from The Outsiders to Harry Potter, has helped shape the cultural landscape for adolescents perhaps more than any other form of consumable media in the twentieth and twenty-first century. With the rise of mega blockbuster films based on these books in recent years, the young adult genre is being co-opted by curious adult readers and by Hollywood producers. However, while the genre may be getting more readers than ever before, Young Adult literature remains exclusionary and problematic: few titles feature historically marginalized individuals, the books present heteronormative perspectives, and gender stereotypes continue to persist. Taking a critical approach, Young Adult Literature: Challenging Genres offers educators, youth librarians, and students a set of strategies for unpacking, challenging, and transforming the assumptions of some of the genre's most popular titles. Pushing the genre forward, Antero Garcia builds on his experiences as a former high school teacher to offer strategies for integrating Young Adult literature in a contemporary critical pedagogy through the use of participatory media.",0.0,0
321,Children's and Young Adult Literature and Culture,Amie A. Doughty,2016,294,Literary Criticism,"This collection of essays explores a wealth of topics in children’s and young adult literature and culture. Contributions about picture-books include analyses of variants of the folktale “The Little Red Hen” and bullying. Race and gender are explored in essays about picture-books featuring children as consumable objects, about books focused on African American female athletes, and about young adult dystopian fiction. Gender itself is further explored in articles about Monster High, Joyce Carol Oates’s Beasts, and The Hunger Games and Divergent. Essays about fantasy literature include an exploration of environmentalism in Rick Riordan’s The Heroes of Olympus, a discussion of Severus Snape as a Judas figure, an explication of Chapter 5 of The Hobbit, and an analysis of ghosts and nationalism in Eva Ibbotson’s The Haunting of Granite Falls. An essay about Horrible Histories explores television, genre, and the way history is coded. Other contributions explore how teaching literature to reluctant readers can be effective through multimodal texts and how Harry Potter has played a role in the popularity of young adult literature for adult readers.",0.0,0
322,Must Read: Rediscovering American Bestsellers,Sarah Churchwell,2012,386,Literary Criticism,"A unique survey and interpretive history, spanning 200 years, of the American bestseller.",0.0,0
323,DC Graphic Novels for Young Adults Sneak Previews: Teen Titans: Raven (2020-) #1,Kami Garcia,2020,16,Comics & Graphic Novels,"When a tragic accident takes the life of seventeen-year-old Raven Roth's foster mom--and Raven's memory--she moves to New Orleans to live with her foster mother's family and finish her senior year of high school. Starting over isn't easy. Raven remembers how to solve math equations and make pasta, but she can't remember her favorite song or who she was before the accident. When strange things start happening--impossible things--Raven starts to think it might be better not to know who she was in her previous life. But as she grows closer to her foster sister, Max, her new friends, and Tommy Torres, a guy who accepts her for who she is now, Raven has to decide if she's ready to face what's buried in the past...and the darkness building inside her. From the #1 New York Times bestselling co-author of Beautiful Creatures Kami Garcia, and artist Gabriel Picolo, comes this first graphic novel in the Teen Titans series for DC Ink, Teen Titans: Raven.When a tragic accident takes the life of seventeen-year-old Raven Roth's foster mom--and Raven's memory--she moves to New Orleans to live with her foster mother's family and finish her senior year of high school. Starting over isn't easy. Raven remembers how to solve math equations and make pasta, but she can't remember her favorite song or who she was before the accident. When strange things start happening--impossible things--Raven starts to think it might be better not to know who she was in her previous life. But as she grows closer to her foster sister, Max, her new friends, and Tommy Torres, a guy who accepts her for who she is now, Raven has to decide if she's ready to face what's buried in the past...and the darkness building inside her. From the #1 New York Times bestselling co-author of Beautiful Creatures Kami Garcia, and artist Gabriel Picolo, comes this first graphic novel in the Teen Titans series for DC Ink, Teen Titans: Raven.",0.0,0
324,Authors and Artists for Young Adults,Kevin Hile,1993,264,Art,"With Authors & Artists for Young Adults teens have a source where they can discover fascinating and entertaining facts about the writers, artists, film directors, graphic novelists, and other creative personalities that most interest them. International in scope, each volume contains 20-25 entries offering personal behind-the-scenes information, portraits, movie stills, bibliographies, a cumulative index and more.For table of contents or other volume specific information see the entry for the volume.While Gale strives to replicate print content, some content may not be available due to rights restrictions.Call your Sales Rep for details.",0.0,0
325,Two Pioneers of Young Adult Library Services,Patricia J. Campbell,1998,104,Biography & Autobiography,"An important and interesting work for academics and professionals in YA librarianship, this book presents a coherent look at the past, present, and future of the field.",0.0,0
326,Literature for Today's Young Adults,Kenneth L. Donelson,1997,520,Juvenile Nonfiction,"With 140 fewer pages than the fourth edition, the fifth obviously has been tightened; it's partly in the format, with narrower margins and less white space. Otherwise, some text has been rephrased or rearranged and topics (for example, adolescent psychology) given shorter shrift. Coverage of Holocaust literature has been expanded, and discussion of problem novels improved. Sports books have been dumped in with humor, movies, and other stuff, including humorous poetry, which, it seems, the authors feel is the only kind teens read for pleasure; other types of poetry as well as short stories and drama are relegated to the English classroom, coverage of which has been enlarged. The chapter on sf and fantasy is good on historical aspects but weak on today's writers. A short list of Internet listserves and Web sites has been incorporated as part of using YA literature in the library. Once again, updating of appendixes seems spotty. Nevertheless, this is useful as a resource for youth librarians and a tool for teaching YA literature. Sally Estes.",0.0,0
327,Harper's Magazine,Lee Foster Hartman,1991,1028,,,0.0,0
328,Young Adult Literature,Katherine Toth Bucher,2010,412,Education,"Contemporary and practice, this edition remains comprehensive enough to ensure that teachers understand today's adolescents and the literature that engages them, while still remaining brief enough to give teachers the opportunity to read the books discussed.",0.0,0
329,"Indigo Awakening (The Hunted, Book 1)",Jordan Dane,2013,187,Fiction,"Because of what you are, the Believers will hunt you down.",0.0,0
330,Young Adult Literature,Mary Elizabeth Gallagher,1988,186,Family & Relationships,,0.0,0
331,The Strength of the Inconspicuous,Christine Jenkins,1995,430,Librarians,,0.0,0
332,Children's Writer's and Illustrator's Market 1994,Christine Martin,1994,392,Language Arts & Disciplines,"This annual brings together the two key aspects of children's (from pre-schoolers through teenagers) publishing--the writing and the illustrating--in one handy volume of markets, including book publishers, magazines, audio-visual and audiotape markets and scriptwriting markets.",0.0,0
333,Бунтари. Биографии 8 необычных топ-менеджеров и их феноменальные истории успеха,Уильям Торндайк,2025,286,Biography & Autobiography,"Они никогда не играют по правилам. Всегда бросают вызов системе. И идут вперед вопреки мнению других.Это бунтари, чье многомиллионное состояние увеличивается год от года благодаря экстраординарным методам управления.В этой книге Уильям Торндайк препарирует успех менеджеров-хулиганов, которые дают индульгенцию на любые бизнес-решения. Компании под управлением этих людей увеличили доходность в 20 раз по индексу S&P 500.Благодаря «Бунтарям» вы узнаете:– методы, которые помогли этим лидерам достичь столь исключительных результатов;– как определить долгосрочную стоимость компании;– способы управления сотрудниками для повышения доходности компании;– модель мышления успешных «управленцев».В формате PDF A4 сохранён издательский дизайн.",0.0,0
334,Лучшие известия из биографии Ибн Теймийи, Умар Али аль-Баззар,0,44,Religion,"Краткая биография Шейх аль-Ислама Ибн Теймийи. Автор ученый современник Ибн Теймийи, Хафиз Умар ибн Али аль-Баззар.",0.0,0
335,С белых яблонь дым. Лучшие стихи и биография,Сергей Есенин,2017,322,Biography & Autobiography,"В эссе 1925 года «О себе» Сергей Есенин указал несколько дат и встреч, а в конце подытожил: «Что касается остальных автобиографических сведений, они в моих стихах». Ни революция, ни женщины, ни важные встречи, ни даже самоубийство поэта не раскроют до конца того щемящего чувства, которое дарит его бесконечно нежная и проникновенная поэзия.",0.0,0
336,"Биография, письма и замѣтки из записной книжки Ф.М. Достоевскаго",Dostoevskij,1883,426,,,0.0,0
337,Материалы для биографии Гоголя,Владимир Иванович Шенрок,1893,430,,,0.0,0
338,Биографии и характеристики,Константин Николаевич Бестужев-Рюмин,1882,372,,,0.0,0
339,История русской литературы в очерках и биографиях,Petr Polevoĭ,1874,794,Russian literature,,0.0,0
340,Опыт полной биографии А.А. Иванова,Aleksej Petrovič Novickij,1895,284,Painters,,0.0,0
341,Материалы для биографии Н.А. Добролюбова,Nikolaĭ Aleksandrovich Dobroli︠u︡bov,1890,696,,,0.0,0
342,Биография Федора Ивановича Тютчева,Ivan Sergeevich Aksakov,1886,348,,,0.0,0
343,Биография Федора Ивановича Тютчева,Иван Сергеевич Аксаков,1886,344,,,0.0,0
344,"Сочинения Ивана Саввича Никитина с его портретом, fac-simile и биографией составленной редактором издания М.Ф. де-Пуле",Иван Саввич Никитин,1889,414,,,0.0,0
345,Биография Петра I Великаго,Михаил Васильевич Овчинников,1876,92,,,5.0,1
346,Cassette Books,Library of Congress. National Library Service for the Blind and Physically Handicapped,1988,400,Talking books,,0.0,0
347,История русской литературы в очерках и биографиях,Петр Николаевич Полевой,1878,650,,,0.0,0
348,"Ишрак. Ежегодник исламской философии No2, 2011 / Ishraq. Islamic Philosophy Yearbook No2, 2011",Коллектив авторов,2014,722,Philosophy,"Второй выпуск ежегодника исламской философии «Ишрак» («Озарение») содержит более 30 статей на русском, английском и французском языках, посвященных широкому спектру актуальных проблем исламской философской мысли и принадлежащих перу ведущих отечественных и зарубежных специалистов.The second issue of the yearbook of Islamic philosophy «Ishraq» («Illumination») contains more than thirty articles in Russian, English and French, devoted to a wide range of issues, current in Islamic philosophical thought, written by the leading Russian and foreign experts in the field.",0.0,0
349,"Ишрак. Ежегодник исламской философии No5, 2014 / Ishraq. Islamic Philosophy Yearbook No5, 2014",Коллектив авторов,2017,490,Religion,"Пятый выпуск ежегодника исламской философии «Ишрак» («Озарение») содержит около 30 статей на русском, английском и французском языках, посвященных широкому спектру актуальных проблем исламской философской мысли и принадлежащих перу ведущих отечественных и зарубежных специалистов.The fifth issue of the yearbook of Islamic philosophy “Ishraq” (“Illumination”) contains some fhirty articles in Russian, English and French, devoted to a wide range of issues, current in Islamic philosophical thought, written by the leading Russian and foreign experts in the field.",0.0,0
350,"Ишрак. Ежегодник исламской философии No7, 2016 / Ishraq. Islamic Philosophy Yearbook No7, 2016",Коллектив авторов,2018,369,Religion,"Седьмой выпуск ежегодника исламской философии «Ишрак („Озарение“) содержит более 20 статей на русском, английском и французском языках, посвященных широкому спектру актуальных проблем исламской философской мысли и принадлежащих перу ведущих российских и зарубежных специалистов. Для специалистов в области исламской философии и религиоведения.The seventh issue of the Islamic Philosophy Yearbook “Ishraq” contains more than twenty articles in Rusian, English and French, dealing with a wide range of issues current in the Islamic",0.0,0
351,Philosophy of Language,William G. Lycan,2000,264,Language Arts & Disciplines,"Philosophy of Languageintroduces the non-specialist to the main issues and theories in twentieth-century philosophy of language, focusing specifically on linguistic phenomena. Part I explores several theories of how proper names, descriptions, and other terms bear a referential relation to non-linguistic objects. Part II surveys competing theories of linguistic meaning and compares their various advantages and liabilities. Part III introduces the basic concepts of linguistic pragmatics, includes a detailed discussion of the problems of indirect force, and Part IV examines linguistic theories of metaphor.",0.0,0
352,200 Words to Help You Talk about Philosophy,Anja Steinbauer,2022,130,Philosophy,"Have you have ever felt at a disadvantage when joining in a conversation on a subject that you aren't confident about? If yes, this new book series is for you. Each book features definitions of two hundred words frequently used to describe and discuss a smart subject. 200 Words to Help You Talk About Philosophy is designed to demystify jargon-based philosophic language and make you at ease holding a conversation on the topic. Philosophy can be baffling, as well as fascinating, to the best of us. Let Anja Steinbauer guide you through doubt, dialectic, Dao, and much more. The book is written with digestible text enabling a quick and easy understanding of various topics while broadening your philosophical vocabulary. 200 Words to Help You Talk About Philosophy is one of two new titles beginning a series of smart subjects, also including art, psychology, and music.",0.0,0
353,Introduction to Philosophy,George Trumbull Ladd,1898,450,Philosophy,,0.0,0
354,Ancient Philosophy,Daniel W. Graham,2020,218,Philosophy,"A comprehensive yet accessible survey of ancient philosophy, covering Greek, Roman, and early Judeo-Christian philosophy, ideal for introductory courses in the ancient roots of modern worldviews Part of the popular Fundamentals of Philosophy series, Ancient Philosophy is an ideal resource for beginning students as well as for advanced students wishing to hone their understanding of the philosophies of the ancient world. Clear and engaging, this book covers a representative selection of major ancient thinkers, movements, and schools of thought, including the Sophists and other significant Presocratics, Socrates, Plato, Aristotle, Hellenistic philosophy, the Stoics, the Skeptics, and early Judeo-Christian philosophy up to Augustine. Written by a prominent scholar and author in ancient philosophy studies, this book: Provides an overview of important issues in the study of the philosophies of the ancient world Explores the relevance of the theories of ancient thinkers to the modern world Charts the progression in the ancient world from worldviews based in mythology to systems of thought based on the analysis of evidence Presents up-to-date scholarship as well as historical material from ancient sources Assumes no prior knowledge of philosophy and examines all arguments carefully and sequentially",0.0,0
355,Insights and Oversights of Great Thinkers,Charles Hartshorne,1983,418,Philosophy,"One learns a great deal about a major philosopher by coming to appreciate his perspective on the history of philosophy. Here Charles Hartshorne gives us just such a perspective on the history of philosophy and thereby on himself. This is a reexamination of the history of philosophy, looking at neglected aspects of the philosophers' thought, interpreting their views in a sharply focused, controversial manner in order to show the origins and development within the Western tradition of the metaphysical and moral views represented by process philosophy. The result is a fresh look at the tradition. This is a clearly written, readable, original, and constructive interpretation of the history of philosophy in hte West from the sixth century before Christ to the present. As the best-known living representative of process philosophy, Hartshorne shows that it has anticipations in Plato, Aristotle, Leibniz, Hegel, Schelling, and many others, even including the materialist Epicurus and the atheist Nietzsche. Process philosophy and theology have significant overlap with the views of most of the creative, constructive philosophers and theologians of recent times, including Peirce, William James, Bergson, Heidegger, Paul Weiss, Berdyaev, John Findlay, Paul Tillich, Sartre, Merleau-Ponty, and others. This philosophy takes creative freedom, transcending causal determinism, and a generalized idea of sympathy—""feeling of feeling,"" love—as universal principles of life and nature.",0.0,0
356,A Brief History of Greek Philosophy,Benjamin Chapman Burt,1889,326,"Philosophy, Ancient",,0.0,0
357,The Philosophy of the Beautiful,William Angus Knight,1893,302,Aesthetics,,0.0,0
358,Modern Philosophy,Francis Bowen,1877,508,"Philosophy, Modern",,0.0,0
359,What is Philosophy?,José Ortega y Gasset,1961,264,Philosophy,,0.0,0
360,Thought: A Philosophical History,Panayiota Vassilopoulou,2021,337,Education,"Of all the topics in the history of philosophy, the history of different forms of thinking and contemplation is one of the most important, and yet is also relatively overlooked. What is it to think philosophically? How did different forms of thinking—reflection, contemplation, critique and analysis—emerge in different epochs? This collection offers a rich and diverse philosophical exploration of the history of contemplation, from the classical period to the twenty-first century. It covers canonical figures including Plato, Aristotle, Descartes and Kant, as well as debates in less well-known areas such as classical Indian and Islamic thought and the role of speculation in twentieth-century Russian philosophy. Comprising twenty-two chapters by an international team of contributors, the volume is divided into five parts: • Flourishing and Thinking from Homer to Hume • The Thinking of Thinking from Augustine to Gödel • Images and Thinking from Plotinus to Unger • Bodies of Thought and Habits of Thinking from Plato to Irigaray • The Efficacy of Thinking from Sextus to Bataille Thought: A Philosophical History is the first comprehensive investigation of the history of philosophical thought and contemplation. As such, it is a landmark publication for anyone researching and teaching the history of philosophy, and a valuable resource for those studying the subject in related fields such as literature, religion, sociology and the history of ideas.",0.0,0
361,Philosophy and Religion,Strong,1888,676,,,0.0,0
362,Text-book in Intellectual Philosophy,James Tift Champlin,1874,322,Psychology,,0.0,0
363,The Philosophy of Reflection,Hodgson,1878,458,,,0.0,0
364,Being a Philosopher,David W. Hamlyn,2002,161,Biography & Autobiography,"First Published in 2004. Routledge is an imprint of Taylor & Francis, an informa company.",0.0,0
365,"Evolution in Science, Philosophy, and Art",Brooklyn Ethical Association,1891,506,Evolution,,0.0,0
366,Library of Congress Subject Headings,Library of Congress,1991,1704,"Subject headings, Library of Congress",,0.0,0
367,Лучшие. Как становятся элитными спортсменами,Марк Уильямс,2022,291,Psychology,"Марк Уильямс, мировой эксперт по развитию навыков и талантов в спорте, и Тим Уигмор, спортивный обозреватель The Economist, The New York Times и Daily Telegraph, рассматривают спортивный успех с различных точек зрения, развенчивают мифы о необходимости многочасовых тренировок и объясняют, как выдающиеся спортсмены приобретают и развивают необыкновенные способности, позволяющие им выйти на новый уровень мастерства. «Будет много примеров из футбола, бейсбола, баскетбола, регби, гольфа, крикета и тенниса. В книге приведены данные передовых научных исследований в области спорта, а также фрагменты эксклюзивных интервью с десятками знаменитых атлетов и тренеров. Мы не утверждаем, что существует простой шаблон, следование которому максимизирует ваши шансы стать лучшим, ведь спорт, как и сама жизнь, намного сложнее и запутаннее, чем кажется. Выдающиеся спортсмены достигают высот за счет комплексного сочетания природных данных и обучения, где все компоненты тесно взаимосвязаны. Но в ходе исследования мы выявили определенные характеристики, общие для многих знаменитых спортсменов, в их детстве и развитии спортивной карьеры, что помогло нам пролить свет на то, как стать высококлассным атлетом». (Марк Уильямс, Тим Уигмор) «Эта книга — актуальнейший анализ спортивной науки, а еще — исследование факторов, позволяющих нам достигать наибольших высот, на которые мы способны». (Мэтью Сайед)",0.0,0
368,Как оценить риски в кибербезопасности. Лучшие инструменты и практики,Дуглас Хаббард,2023,463,Business & Economics,"Перед вами руководство по поиску и измерению рисков в кибербезопасности вашей компании. Устаревшим практикам оценки сетевых угроз автор противопоставляет методы, в основе которых лежат математические вычисления и специальные метрики. С помощью набора инструментов, описанных в его книге, вы сможете не только защититься от возможных угроз, но и приобрести новые инструменты для принятия более дальновидных решений по развитию бизнеса.В формате PDF A4 сохранен издательский макет книги.",0.0,0
369,Не доверяйте своей интуиции. Как лидеры-новаторы принимают лучшие решения и избегают бизнес-катастроф,Глеб Ципурский,2022,276,Psychology,"Наиболее важные жизненные решения лучше всего принимать, хорошенько поразмыслив над ситуацией, возможными вариантами развития и просчитав последствия своих действий. Почему же так часто мы слышим призывы «полагаться на инстинкты», «доверять чутью» и «просто быть собой»?В качестве альтернативы управлению по наитию доктор Глеб Ципурский предлагает рациональные бизнес-стратегии, основанные на достоверных знаниях и проверенном опыте. Он показывает путь к принятию более взвешенных решений, демонстрируя понятную модель, которую мы можем применять в повседневной жизни, и предлагает упражнения, призванные помочь нам научиться думать так, чтобы с большей вероятностью добиваться лучшего результата.Книга рекомендована лидерам и всем, кто стремится ими стать. Неважно, управляете вы бизнесом уже много лет или только что его основали, вам стоит придерживаться советов автора, чтобы избежать затратных ошибок, которые часто оказываются губительными для компаний.«Несмотря на то, что успешные бизнес-лидеры считают принятие лучших решений своей визитной карточкой, они расценивают этот процесс как нечто интуитивное, почти магическое, чем можно овладеть только через заработанный упорным трудом опыт, или же доступное лишь немногим гениальным управленцам. На самом же деле процесс принятия первостепенных решений – вещь техническая, ей можно научиться».Глеб Ципурский",0.0,0
370,The #1 New York Times Bestseller,John Bear,1992,280,Language Arts & Disciplines,"Lists hundreds of books that have made the famous list, and offers facts about the publishing industry, authors, and the list itself.",0.0,0
371,"Saxo Grammaticus; Or, First Aid for the Best-seller",Ernest Weekley,1930,124,Literary Criticism,,0.0,0
372,A Qualitative Analysis of the Criticism of Best Sellers,Martha Terosse Boaz,1955,704,Best books,,0.0,0
373,Best Seller,Tim Shaw,1995,296,Biography & Autobiography,"In this book the author, a television sales guru with a face that everyone recognises from direct response selling TV commercials, shares for the first time his secrets to becoming the best salesman in Australia. With advice and entertaining anecdotes he also reveals the triumphs and setbacks of his sales career, and shows how to unlock hidden sales talents. According to the author everyone is a salesperson and can realise their full individual potential.",0.0,0
374,Best-sellers; are They Born Or Made?,George Stevens,1939,142,Advertising,,0.0,0
